-- --------------------------------------------------------
-- Host:                         127.0.0.1
-- Versione server:              10.4.28-MariaDB - mariadb.org binary distribution
-- S.O. server:                  Win64
-- HeidiSQL Versione:            12.0.0.6468
-- --------------------------------------------------------

/*!40101 SET @OLD_CHARACTER_SET_CLIENT=@@CHARACTER_SET_CLIENT */;
/*!40101 SET NAMES utf8 */;
/*!50503 SET NAMES utf8mb4 */;
/*!40103 SET @OLD_TIME_ZONE=@@TIME_ZONE */;
/*!40103 SET TIME_ZONE='+00:00' */;
/*!40014 SET @OLD_FOREIGN_KEY_CHECKS=@@FOREIGN_KEY_CHECKS, FOREIGN_KEY_CHECKS=0 */;
/*!40101 SET @OLD_SQL_MODE=@@SQL_MODE, SQL_MODE='NO_AUTO_VALUE_ON_ZERO' */;
/*!40111 SET @OLD_SQL_NOTES=@@SQL_NOTES, SQL_NOTES=0 */;


-- Dump della struttura del database es_extended
CREATE DATABASE IF NOT EXISTS `es_extended` /*!40100 DEFAULT CHARACTER SET utf8mb4 COLLATE utf8mb4_unicode_ci */;
USE `es_extended`;

-- Dump della struttura di tabella es_extended.addon_account
CREATE TABLE IF NOT EXISTS `addon_account` (
  `name` varchar(60) NOT NULL,
  `label` varchar(100) NOT NULL,
  `shared` int(11) NOT NULL,
  PRIMARY KEY (`name`)
) ENGINE=InnoDB DEFAULT CHARSET=utf8mb4 COLLATE=utf8mb4_general_ci;

-- Dump dei dati della tabella es_extended.addon_account: ~15 rows (circa)
INSERT INTO `addon_account` (`name`, `label`, `shared`) VALUES
	('bank_savings', 'Livret Bleu', 0),
	('caution', 'caution', 0),
	('society_ambulance', 'Ambulance', 1),
	('society_ammu', 'Ammu', 1),
	('society_baker', 'Baker', 1),
	('society_ballas', 'Ballas', 1),
	('society_cardealer', 'Cardealer', 1),
	('society_driving', 'Driving', 1),
	('society_dustman', 'Dustman', 1),
	('society_fisherman', 'Fisherman', 1),
	('society_import', 'Import', 1),
	('society_mechanic', 'Mechanic', 1),
	('society_police', 'Police', 1),
	('society_taxi', 'Taxi', 1),
	('society_unicorn', 'Unicorn', 1);

-- Dump della struttura di tabella es_extended.addon_account_data
CREATE TABLE IF NOT EXISTS `addon_account_data` (
  `id` int(11) NOT NULL AUTO_INCREMENT,
  `account_name` varchar(100) DEFAULT NULL,
  `money` int(11) NOT NULL,
  `owner` varchar(46) DEFAULT NULL,
  PRIMARY KEY (`id`),
  UNIQUE KEY `index_addon_account_data_account_name_owner` (`account_name`,`owner`),
  KEY `index_addon_account_data_account_name` (`account_name`)
) ENGINE=InnoDB AUTO_INCREMENT=37 DEFAULT CHARSET=utf8mb4 COLLATE=utf8mb4_general_ci;

-- Dump dei dati della tabella es_extended.addon_account_data: ~17 rows (circa)
INSERT INTO `addon_account_data` (`id`, `account_name`, `money`, `owner`) VALUES
	(1, 'society_cardealer', 0, NULL),
	(2, 'society_police', 0, NULL),
	(4, 'society_mechanic', 53, NULL),
	(5, 'society_taxi', 0, NULL),
	(14, 'society_import', 0, NULL),
	(16, 'society_ambulance', 0, NULL),
	(17, 'society_ammu', 0, NULL),
	(19, 'society_dustman', 0, NULL),
	(20, 'caution', 0, ''),
	(21, 'bank_savings', 0, ''),
	(22, 'society_ballas', 0, NULL),
	(27, 'society_baker', 0, NULL),
	(28, 'society_unicorn', 0, NULL),
	(34, 'society_driving', 0, NULL),
	(35, 'society_fisherman', 0, NULL);

-- Dump della struttura di tabella es_extended.addon_inventory
CREATE TABLE IF NOT EXISTS `addon_inventory` (
  `name` varchar(60) NOT NULL,
  `label` varchar(100) NOT NULL,
  `shared` int(11) NOT NULL,
  PRIMARY KEY (`name`)
) ENGINE=InnoDB DEFAULT CHARSET=utf8mb4 COLLATE=utf8mb4_general_ci;

-- Dump dei dati della tabella es_extended.addon_inventory: ~1 rows (circa)

-- Dump della struttura di tabella es_extended.addon_inventory_items
CREATE TABLE IF NOT EXISTS `addon_inventory_items` (
  `id` int(11) NOT NULL AUTO_INCREMENT,
  `inventory_name` varchar(100) NOT NULL,
  `name` varchar(100) NOT NULL,
  `count` int(11) NOT NULL,
  `owner` varchar(46) DEFAULT NULL,
  PRIMARY KEY (`id`),
  KEY `index_addon_inventory_items_inventory_name_name` (`inventory_name`,`name`),
  KEY `index_addon_inventory_items_inventory_name_name_owner` (`inventory_name`,`name`,`owner`),
  KEY `index_addon_inventory_inventory_name` (`inventory_name`)
) ENGINE=InnoDB AUTO_INCREMENT=2 DEFAULT CHARSET=utf8mb4 COLLATE=utf8mb4_general_ci;

-- Dump dei dati della tabella es_extended.addon_inventory_items: ~0 rows (circa)

-- Dump della struttura di tabella es_extended.banking
CREATE TABLE IF NOT EXISTS `banking` (
  `identifier` varchar(46) DEFAULT NULL,
  `type` varchar(50) DEFAULT NULL,
  `amount` int(64) DEFAULT NULL,
  `time` bigint(20) DEFAULT NULL,
  `ID` int(11) NOT NULL AUTO_INCREMENT,
  `balance` int(11) DEFAULT 0,
  `label` varchar(255) DEFAULT NULL,
  PRIMARY KEY (`ID`)
) ENGINE=InnoDB AUTO_INCREMENT=3 DEFAULT CHARSET=utf8mb4 COLLATE=utf8mb4_general_ci;

-- Dump dei dati della tabella es_extended.banking: ~0 rows (circa)

-- Dump della struttura di tabella es_extended.billing
CREATE TABLE IF NOT EXISTS `billing` (
  `id` int(11) NOT NULL AUTO_INCREMENT,
  `identifier` varchar(46) DEFAULT NULL,
  `sender` varchar(255) NOT NULL,
  `target_type` varchar(50) NOT NULL,
  `target` varchar(255) NOT NULL,
  `label` varchar(255) NOT NULL,
  `amount` int(11) NOT NULL,
  `split` tinyint(1) NOT NULL DEFAULT 0,
  `paid` tinyint(1) NOT NULL DEFAULT 0,
  PRIMARY KEY (`id`)
) ENGINE=InnoDB DEFAULT CHARSET=utf8mb4 COLLATE=utf8mb4_general_ci;

-- Dump dei dati della tabella es_extended.billing: ~0 rows (circa)

-- Dump della struttura di tabella es_extended.bpt_doorlock
CREATE TABLE IF NOT EXISTS `bpt_doorlock` (
  `id` int(11) unsigned NOT NULL AUTO_INCREMENT,
  `name` varchar(50) NOT NULL,
  `data` longtext NOT NULL,
  PRIMARY KEY (`id`)
) ENGINE=InnoDB AUTO_INCREMENT=12 DEFAULT CHARSET=utf8mb4 COLLATE=utf8mb4_unicode_ci;

-- Dump dei dati della tabella es_extended.bpt_doorlock: ~11 rows (circa)
INSERT INTO `bpt_doorlock` (`id`, `name`, `data`) VALUES
	(1, 'mrpd locker rooms', '{"maxDistance":2,"heading":90,"coords":{"x":450.1041259765625,"y":-985.7384033203125,"z":30.83930206298828},"groups":{"police":0},"state":1,"model":1557126584,"hideUi":false}'),
	(2, 'mrpd cells/briefing', '{"maxDistance":2,"coords":{"x":444.7078552246094,"y":-989.4454345703125,"z":30.83930206298828},"doors":[{"model":185711165,"coords":{"x":446.0079345703125,"y":-989.4454345703125,"z":30.83930206298828},"heading":0},{"model":185711165,"coords":{"x":443.40777587890627,"y":-989.4454345703125,"z":30.83930206298828},"heading":180}],"groups":{"police":0},"state":1,"hideUi":false}'),
	(3, 'mrpd cell 3', '{"maxDistance":2,"heading":90,"coords":{"x":461.8065185546875,"y":-1001.9515380859375,"z":25.06442832946777},"lockSound":"metal-locker","groups":{"police":0},"state":1,"unlockSound":"metallic-creak","model":631614199,"hideUi":false}'),
	(4, 'mrpd back entrance', '{"maxDistance":2,"coords":{"x":468.6697692871094,"y":-1014.4520263671875,"z":26.5362319946289},"doors":[{"model":-2023754432,"coords":{"x":467.37164306640627,"y":-1014.4520263671875,"z":26.5362319946289},"heading":0},{"model":-2023754432,"coords":{"x":469.9678955078125,"y":-1014.4520263671875,"z":26.5362319946289},"heading":180}],"groups":{"police":0},"state":1,"hideUi":false}'),
	(5, 'mrpd cells security door', '{"maxDistance":2,"heading":0,"coords":{"x":464.1282958984375,"y":-1003.5386962890625,"z":25.00598907470703},"autolock":5,"groups":{"police":0},"state":1,"model":-1033001619,"hideUi":false}'),
	(6, 'mrpd cell 2', '{"maxDistance":2,"heading":90,"coords":{"x":461.8064880371094,"y":-998.3082885742188,"z":25.06442832946777},"lockSound":"metal-locker","groups":{"police":0},"state":1,"unlockSound":"metallic-creak","model":631614199,"hideUi":false}'),
	(7, 'mrpd captain\'s office', '{"maxDistance":2,"heading":180,"coords":{"x":446.57281494140627,"y":-980.0105590820313,"z":30.83930206298828},"groups":{"police":0},"state":1,"model":-1320876379,"hideUi":false}'),
	(8, 'mrpd gate', '{"maxDistance":6,"heading":90,"coords":{"x":488.894775390625,"y":-1017.2102661132813,"z":27.14714050292968},"groups":{"police":0},"auto":true,"state":1,"model":-1603817716,"hideUi":false}'),
	(9, 'mrpd cell 1', '{"maxDistance":2,"heading":270,"coords":{"x":461.8065185546875,"y":-993.7586059570313,"z":25.06442832946777},"lockSound":"metal-locker","groups":{"police":0},"state":1,"unlockSound":"metallic-creak","model":631614199,"hideUi":false}'),
	(10, 'mrpd cells main', '{"maxDistance":2,"heading":360,"coords":{"x":463.92010498046877,"y":-992.6640625,"z":25.06442832946777},"lockSound":"metal-locker","groups":{"police":0},"state":1,"unlockSound":"metallic-creak","model":631614199,"hideUi":false}'),
	(11, 'mrpd armoury', '{"maxDistance":2,"heading":270,"coords":{"x":453.08428955078127,"y":-982.5794677734375,"z":30.81926536560058},"autolock":5,"groups":{"police":0},"state":1,"model":749848321,"hideUi":false}');

-- Dump della struttura di tabella es_extended.bpt_items
CREATE TABLE IF NOT EXISTS `bpt_items` (
  `name` text DEFAULT NULL,
  `label` text DEFAULT NULL
) ENGINE=InnoDB DEFAULT CHARSET=utf8mb4 COLLATE=utf8mb4_general_ci;

-- Dump dei dati della tabella es_extended.bpt_items: ~73 rows (circa)
INSERT INTO `bpt_items` (`name`, `label`) VALUES
	('bandage', 'benda'),
	('cottonforbandages', 'cotone per bende'),
	('cotton', 'cotone'),
	('ironsheet', 'lamiera di ferro'),
	('garbage', 'rifiuti'),
	('WEAPON_APPISTOL', 'pistola AP'),
	('iron', 'Ferro'),
	('hammer', 'martello'),
	('legnatagliata', 'asse di legno'),
	('fixkit', 'kit di riparazione'),
	('almondmilk', 'latte di mandorla'),
	('ice', 'ghiaccio'),
	('water', 'acqua'),
	('almonds', 'mandorle'),
	('chips', 'patatine fritte'),
	('slicedchips', 'patate affettate'),
	('potato', 'patate'),
	('trash_can', 'lattina usata'),
	('recycled_paper', 'carta riciclata'),
	('paper', 'carta'),
	('newspaper', 'giornale rovinato'),
	('trash_burgershot', 'scatola di burgershot usata'),
	('cigarette_paper', 'cartina'),
	('cigarrette_opium', 'sigaretta con oppio'),
	('copper', 'Rame'),
	('gold', 'oro'),
	('gunpowder', 'polvere da sparo'),
	('ammo-sniper', '7.62 NATO'),
	('grain', 'grano'),
	('flour', 'farina'),
	('bread', 'panino vuoto'),
	('bread_deer', 'panino al cervo'),
	('deer_meat', 'carne di cervo'),
	('fry_oil', 'olio per friggere'),
	('bandage', 'benda'),
	('cottonforbandages', 'cotone per bende'),
	('cotton', 'cotone'),
	('ironsheet', 'lamiera di ferro'),
	('garbage', 'rifiuti'),
	('WEAPON_APPISTOL', 'pistola AP'),
	('iron', 'Ferro'),
	('hammer', 'martello'),
	('legnatagliata', 'asse di legno'),
	('fixkit', 'kit di riparazione'),
	('almondmilk', 'latte di mandorla'),
	('ice', 'ghiaccio'),
	('water', 'acqua'),
	('almonds', 'mandorle'),
	('chips', 'patatine fritte'),
	('slicedchips', 'patate affettate'),
	('potato', 'patate'),
	('trash_can', 'lattina usata'),
	('recycled_paper', 'carta riciclata'),
	('paper', 'carta'),
	('newspaper', 'giornale rovinato'),
	('trash_burgershot', 'scatola di burgershot usata'),
	('cigarette_paper', 'cartina'),
	('cigarrette_opium', 'sigaretta con oppio'),
	('opium', 'oppio'),
	('copper', 'Rame'),
	('gold', 'oro'),
	('gunpowder', 'polvere da sparo'),
	('ammo-sniper', '7.62 NATO'),
	('grain', 'grano'),
	('flour', 'farina'),
	('bread', 'panino vuoto'),
	('bread_deer', 'panino al cervo'),
	('deer_meat', 'carne di cervo'),
	('fry_oil', 'olio per friggere'),
	('wood', 'Legna'),
	('choppedwood', 'Assi di legno'),
	('salmon_fillet', 'filetto di salmone'),
	('salmon', 'salmone');

-- Dump della struttura di tabella es_extended.cardealer_vehicles
CREATE TABLE IF NOT EXISTS `cardealer_vehicles` (
  `id` int(11) NOT NULL AUTO_INCREMENT,
  `vehicle` varchar(255) NOT NULL,
  `price` int(11) NOT NULL,
  PRIMARY KEY (`id`)
) ENGINE=InnoDB AUTO_INCREMENT=6 DEFAULT CHARSET=utf8mb4 COLLATE=utf8mb4_general_ci;

-- Dump dei dati della tabella es_extended.cardealer_vehicles: ~0 rows (circa)

-- Dump della struttura di tabella es_extended.datastore
CREATE TABLE IF NOT EXISTS `datastore` (
  `name` varchar(60) NOT NULL,
  `label` varchar(100) NOT NULL,
  `shared` int(11) NOT NULL,
  PRIMARY KEY (`name`)
) ENGINE=InnoDB DEFAULT CHARSET=utf8mb4 COLLATE=utf8mb4_general_ci;

-- Dump dei dati della tabella es_extended.datastore: ~16 rows (circa)
INSERT INTO `datastore` (`name`, `label`, `shared`) VALUES
	('property', 'Property', 0),
	('society_ambulance', 'Ambulance', 1),
	('society_ammu', 'Ammu', 1),
	('society_baker', 'Baker', 1),
	('society_ballas', 'Ballas', 1),
	('society_dustman', 'Dustman', 1),
	('society_fisherman', 'Fisherman', 1),
	('society_import', 'Import', 1),
	('society_mechanic', 'Mechanic', 1),
	('society_police', 'Police', 1),
	('society_taxi', 'Taxi', 1),
	('society_unicorn', 'Unicorn', 1),
	('user_ears', 'Ears', 0),
	('user_glasses', 'Glasses', 0),
	('user_helmet', 'Helmet', 0),
	('user_mask', 'Mask', 0);

-- Dump della struttura di tabella es_extended.datastore_data
CREATE TABLE IF NOT EXISTS `datastore_data` (
  `id` int(11) NOT NULL AUTO_INCREMENT,
  `name` varchar(60) NOT NULL,
  `owner` varchar(46) DEFAULT NULL,
  `data` longtext DEFAULT NULL,
  PRIMARY KEY (`id`),
  UNIQUE KEY `index_datastore_data_name_owner` (`name`,`owner`),
  KEY `index_datastore_data_name` (`name`)
) ENGINE=InnoDB AUTO_INCREMENT=1713 DEFAULT CHARSET=utf8mb4 COLLATE=utf8mb4_general_ci;

-- Dump dei dati della tabella es_extended.datastore_data: ~1.698 rows (circa)
INSERT INTO `datastore_data` (`id`, `name`, `owner`, `data`) VALUES
	(1, 'society_police', NULL, '{}'),
	(2, 'society_ambulance', NULL, '{}'),
	(3, 'society_mechanic', NULL, '{}'),
	(4, 'society_taxi', NULL, '{}'),
	(5, 'property', NULL, '{}'),
	(6, 'property', NULL, '{}'),
	(7, 'user_glasses', '', '{}'),
	(8, 'user_helmet', '', '{}'),
	(9, 'user_ears', '', '{}'),
	(10, 'user_mask', '', '{}'),
	(11, 'property', '', '{}'),
	(12, 'property', NULL, '{}'),
	(13, 'property', NULL, '{}'),
	(14, 'property', NULL, '{}'),
	(15, 'property', NULL, '{}'),
	(16, 'property', NULL, '{}'),
	(17, 'property', NULL, '{}'),
	(18, 'property', NULL, '{}'),
	(19, 'property', NULL, '{}'),
	(20, 'property', NULL, '{}'),
	(21, 'property', NULL, '{}'),
	(22, 'property', NULL, '{}'),
	(23, 'property', NULL, '{}'),
	(24, 'property', NULL, '{}'),
	(25, 'property', NULL, '{}'),
	(26, 'property', NULL, '{}'),
	(27, 'property', NULL, '{}'),
	(28, 'property', NULL, '{}'),
	(29, 'property', NULL, '{}'),
	(30, 'property', NULL, '{}'),
	(31, 'property', NULL, '{}'),
	(32, 'property', NULL, '{}'),
	(33, 'property', NULL, '{}'),
	(34, 'property', NULL, '{}'),
	(35, 'property', NULL, '{}'),
	(36, 'property', NULL, '{}'),
	(37, 'property', NULL, '{}'),
	(38, 'property', NULL, '{}'),
	(39, 'property', NULL, '{}'),
	(40, 'property', NULL, '{}'),
	(41, 'property', NULL, '{}'),
	(42, 'property', NULL, '{}'),
	(43, 'property', NULL, '{}'),
	(44, 'property', NULL, '{}'),
	(45, 'property', NULL, '{}'),
	(46, 'property', NULL, '{}'),
	(47, 'property', NULL, '{}'),
	(48, 'property', NULL, '{}'),
	(49, 'property', NULL, '{}'),
	(50, 'property', NULL, '{}'),
	(51, 'property', NULL, '{}'),
	(52, 'property', NULL, '{}'),
	(53, 'property', NULL, '{}'),
	(54, 'property', NULL, '{}'),
	(55, 'property', NULL, '{}'),
	(56, 'property', NULL, '{}'),
	(57, 'property', NULL, '{}'),
	(58, 'property', NULL, '{}'),
	(59, 'property', NULL, '{}'),
	(60, 'property', NULL, '{}'),
	(61, 'property', NULL, '{}'),
	(62, 'property', NULL, '{}'),
	(63, 'property', NULL, '{}'),
	(64, 'property', NULL, '{}'),
	(65, 'property', NULL, '{}'),
	(66, 'property', NULL, '{}'),
	(67, 'society_import', NULL, '\'{}\''),
	(68, 'property', NULL, '{}'),
	(69, 'property', NULL, '{}'),
	(70, 'property', NULL, '{}'),
	(71, 'property', NULL, '{}'),
	(72, 'property', NULL, '{}'),
	(73, 'property', NULL, '{}'),
	(74, 'property', NULL, '{}'),
	(75, 'property', NULL, '{}'),
	(76, 'property', NULL, '{}'),
	(77, 'property', NULL, '{}'),
	(78, 'property', NULL, '{}'),
	(79, 'property', NULL, '{}'),
	(80, 'property', NULL, '{}'),
	(81, 'property', NULL, '{}'),
	(82, 'property', NULL, '{}'),
	(83, 'property', NULL, '{}'),
	(84, 'property', NULL, '{}'),
	(85, 'property', NULL, '{}'),
	(86, 'property', NULL, '{}'),
	(87, 'property', NULL, '{}'),
	(88, 'property', NULL, '{}'),
	(89, 'property', NULL, '{}'),
	(90, 'property', NULL, '{}'),
	(91, 'property', NULL, '{}'),
	(92, 'property', NULL, '{}'),
	(93, 'property', NULL, '{}'),
	(94, 'property', NULL, '{}'),
	(95, 'property', NULL, '{}'),
	(96, 'property', NULL, '{}'),
	(97, 'property', NULL, '{}'),
	(98, 'property', NULL, '{}'),
	(99, 'property', NULL, '{}'),
	(100, 'property', NULL, '{}'),
	(101, 'property', NULL, '{}'),
	(102, 'property', NULL, '{}'),
	(103, 'property', NULL, '{}'),
	(104, 'property', NULL, '{}'),
	(105, 'property', NULL, '{}'),
	(106, 'property', NULL, '{}'),
	(107, 'property', NULL, '{}'),
	(108, 'property', NULL, '{}'),
	(109, 'property', NULL, '{}'),
	(110, 'property', NULL, '{}'),
	(111, 'property', NULL, '{}'),
	(112, 'property', NULL, '{}'),
	(113, 'property', NULL, '{}'),
	(114, 'property', NULL, '{}'),
	(115, 'property', NULL, '{}'),
	(116, 'property', NULL, '{}'),
	(117, 'property', NULL, '{}'),
	(118, 'property', NULL, '{}'),
	(119, 'property', NULL, '{}'),
	(120, 'property', NULL, '{}'),
	(121, 'property', NULL, '{}'),
	(122, 'property', NULL, '{}'),
	(123, 'property', NULL, '{}'),
	(124, 'property', NULL, '{}'),
	(125, 'property', NULL, '{}'),
	(126, 'property', NULL, '{}'),
	(127, 'property', NULL, '{}'),
	(128, 'property', NULL, '{}'),
	(129, 'property', NULL, '{}'),
	(130, 'property', NULL, '{}'),
	(131, 'property', NULL, '{}'),
	(132, 'property', NULL, '{}'),
	(133, 'property', NULL, '{}'),
	(134, 'property', NULL, '{}'),
	(135, 'property', NULL, '{}'),
	(136, 'property', NULL, '{}'),
	(137, 'property', NULL, '{}'),
	(138, 'property', NULL, '{}'),
	(139, 'property', NULL, '{}'),
	(140, 'property', NULL, '{}'),
	(141, 'property', NULL, '{}'),
	(142, 'property', NULL, '{}'),
	(143, 'property', NULL, '{}'),
	(144, 'property', NULL, '{}'),
	(145, 'property', NULL, '{}'),
	(146, 'property', NULL, '{}'),
	(147, 'property', NULL, '{}'),
	(148, 'property', NULL, '{}'),
	(149, 'property', NULL, '{}'),
	(150, 'property', NULL, '{}'),
	(151, 'property', NULL, '{}'),
	(152, 'property', NULL, '{}'),
	(153, 'property', NULL, '{}'),
	(154, 'property', NULL, '{}'),
	(155, 'property', NULL, '{}'),
	(156, 'property', NULL, '{}'),
	(157, 'property', NULL, '{}'),
	(158, 'property', NULL, '{}'),
	(159, 'property', NULL, '{}'),
	(160, 'property', NULL, '{}'),
	(161, 'property', NULL, '{}'),
	(162, 'property', NULL, '{}'),
	(163, 'property', NULL, '{}'),
	(164, 'property', NULL, '{}'),
	(165, 'property', NULL, '{}'),
	(166, 'property', NULL, '{}'),
	(167, 'property', NULL, '{}'),
	(168, 'property', NULL, '{}'),
	(169, 'property', NULL, '{}'),
	(170, 'property', NULL, '{}'),
	(171, 'property', NULL, '{}'),
	(172, 'property', NULL, '{}'),
	(173, 'property', NULL, '{}'),
	(174, 'property', NULL, '{}'),
	(175, 'property', NULL, '{}'),
	(176, 'property', NULL, '{}'),
	(177, 'property', NULL, '{}'),
	(178, 'property', NULL, '{}'),
	(179, 'property', NULL, '{}'),
	(180, 'property', NULL, '{}'),
	(181, 'property', NULL, '{}'),
	(182, 'property', NULL, '{}'),
	(183, 'property', NULL, '{}'),
	(184, 'property', NULL, '{}'),
	(185, 'property', NULL, '{}'),
	(186, 'property', NULL, '{}'),
	(187, 'property', NULL, '{}'),
	(188, 'property', NULL, '{}'),
	(189, 'property', NULL, '{}'),
	(190, 'property', NULL, '{}'),
	(191, 'property', NULL, '{}'),
	(192, 'property', NULL, '{}'),
	(193, 'property', NULL, '{}'),
	(194, 'property', NULL, '{}'),
	(195, 'property', NULL, '{}'),
	(196, 'property', NULL, '{}'),
	(197, 'property', NULL, '{}'),
	(198, 'property', NULL, '{}'),
	(199, 'property', NULL, '{}'),
	(200, 'property', NULL, '{}'),
	(201, 'property', NULL, '{}'),
	(202, 'property', NULL, '{}'),
	(203, 'property', NULL, '{}'),
	(204, 'property', NULL, '{}'),
	(205, 'property', NULL, '{}'),
	(206, 'property', NULL, '{}'),
	(207, 'property', NULL, '{}'),
	(208, 'property', NULL, '{}'),
	(209, 'property', NULL, '{}'),
	(210, 'property', NULL, '{}'),
	(211, 'property', NULL, '{}'),
	(212, 'property', NULL, '{}'),
	(213, 'property', NULL, '{}'),
	(214, 'property', NULL, '{}'),
	(215, 'property', NULL, '{}'),
	(216, 'property', NULL, '{}'),
	(217, 'property', NULL, '{}'),
	(218, 'property', NULL, '{}'),
	(219, 'property', NULL, '{}'),
	(220, 'property', NULL, '{}'),
	(221, 'property', NULL, '{}'),
	(222, 'property', NULL, '{}'),
	(223, 'property', NULL, '{}'),
	(224, 'property', NULL, '{}'),
	(225, 'property', NULL, '{}'),
	(226, 'property', NULL, '{}'),
	(227, 'property', NULL, '{}'),
	(228, 'property', NULL, '{}'),
	(229, 'property', NULL, '{}'),
	(230, 'property', NULL, '{}'),
	(231, 'property', NULL, '{}'),
	(232, 'property', NULL, '{}'),
	(233, 'property', NULL, '{}'),
	(234, 'property', NULL, '{}'),
	(235, 'property', NULL, '{}'),
	(236, 'property', NULL, '{}'),
	(237, 'property', NULL, '{}'),
	(238, 'property', NULL, '{}'),
	(239, 'property', NULL, '{}'),
	(240, 'property', NULL, '{}'),
	(241, 'property', NULL, '{}'),
	(242, 'property', NULL, '{}'),
	(243, 'property', NULL, '{}'),
	(244, 'property', NULL, '{}'),
	(245, 'property', NULL, '{}'),
	(246, 'property', NULL, '{}'),
	(247, 'property', NULL, '{}'),
	(248, 'property', NULL, '{}'),
	(249, 'property', NULL, '{}'),
	(250, 'property', NULL, '{}'),
	(251, 'property', NULL, '{}'),
	(252, 'property', NULL, '{}'),
	(253, 'property', NULL, '{}'),
	(254, 'property', NULL, '{}'),
	(255, 'property', NULL, '{}'),
	(256, 'property', NULL, '{}'),
	(257, 'property', NULL, '{}'),
	(258, 'property', NULL, '{}'),
	(259, 'property', NULL, '{}'),
	(260, 'property', NULL, '{}'),
	(261, 'property', NULL, '{}'),
	(262, 'property', NULL, '{}'),
	(263, 'property', NULL, '{}'),
	(264, 'property', NULL, '{}'),
	(265, 'property', NULL, '{}'),
	(266, 'property', NULL, '{}'),
	(267, 'property', NULL, '{}'),
	(268, 'property', NULL, '{}'),
	(269, 'property', NULL, '{}'),
	(270, 'property', NULL, '{}'),
	(271, 'property', NULL, '{}'),
	(272, 'property', NULL, '{}'),
	(273, 'property', NULL, '{}'),
	(274, 'property', NULL, '{}'),
	(275, 'property', NULL, '{}'),
	(276, 'property', NULL, '{}'),
	(277, 'property', NULL, '{}'),
	(278, 'property', NULL, '{}'),
	(279, 'property', NULL, '{}'),
	(280, 'property', NULL, '{}'),
	(281, 'property', NULL, '{}'),
	(282, 'property', NULL, '{}'),
	(283, 'property', NULL, '{}'),
	(284, 'property', NULL, '{}'),
	(285, 'property', NULL, '{}'),
	(286, 'property', NULL, '{}'),
	(287, 'property', NULL, '{}'),
	(288, 'property', NULL, '{}'),
	(289, 'property', NULL, '{}'),
	(290, 'property', NULL, '{}'),
	(291, 'property', NULL, '{}'),
	(292, 'property', NULL, '{}'),
	(293, 'property', NULL, '{}'),
	(294, 'property', NULL, '{}'),
	(295, 'property', NULL, '{}'),
	(296, 'property', NULL, '{}'),
	(297, 'property', NULL, '{}'),
	(298, 'property', NULL, '{}'),
	(299, 'property', NULL, '{}'),
	(300, 'property', NULL, '{}'),
	(301, 'property', NULL, '{}'),
	(302, 'property', NULL, '{}'),
	(303, 'property', NULL, '{}'),
	(304, 'property', NULL, '{}'),
	(305, 'property', NULL, '{}'),
	(306, 'society_ammu', NULL, '\'{}\''),
	(307, 'property', NULL, '{}'),
	(308, 'property', NULL, '{}'),
	(309, 'property', NULL, '{}'),
	(310, 'property', NULL, '{}'),
	(311, 'property', NULL, '{}'),
	(312, 'property', NULL, '{}'),
	(313, 'property', NULL, '{}'),
	(314, 'property', NULL, '{}'),
	(315, 'property', NULL, '{}'),
	(316, 'property', NULL, '{}'),
	(317, 'property', NULL, '{}'),
	(318, 'property', NULL, '{}'),
	(319, 'property', NULL, '{}'),
	(320, 'property', NULL, '{}'),
	(321, 'property', NULL, '{}'),
	(323, 'property', NULL, '{}'),
	(324, 'property', NULL, '{}'),
	(325, 'property', NULL, '{}'),
	(326, 'property', NULL, '{}'),
	(327, 'property', NULL, '{}'),
	(328, 'property', NULL, '{}'),
	(329, 'property', NULL, '{}'),
	(330, 'property', NULL, '{}'),
	(331, 'property', NULL, '{}'),
	(332, 'property', NULL, '{}'),
	(333, 'property', NULL, '{}'),
	(334, 'property', NULL, '{}'),
	(335, 'property', NULL, '{}'),
	(336, 'property', NULL, '{}'),
	(337, 'property', NULL, '{}'),
	(338, 'property', NULL, '{}'),
	(339, 'property', NULL, '{}'),
	(340, 'property', NULL, '{}'),
	(341, 'property', NULL, '{}'),
	(342, 'property', NULL, '{}'),
	(343, 'property', NULL, '{}'),
	(344, 'property', NULL, '{}'),
	(345, 'property', NULL, '{}'),
	(346, 'property', NULL, '{}'),
	(347, 'property', NULL, '{}'),
	(348, 'property', NULL, '{}'),
	(349, 'property', NULL, '{}'),
	(350, 'property', NULL, '{}'),
	(351, 'property', NULL, '{}'),
	(352, 'property', NULL, '{}'),
	(353, 'property', NULL, '{}'),
	(354, 'property', NULL, '{}'),
	(355, 'property', NULL, '{}'),
	(356, 'property', NULL, '{}'),
	(357, 'property', NULL, '{}'),
	(358, 'property', NULL, '{}'),
	(359, 'property', NULL, '{}'),
	(360, 'property', NULL, '{}'),
	(361, 'property', NULL, '{}'),
	(362, 'property', NULL, '{}'),
	(363, 'property', NULL, '{}'),
	(364, 'property', NULL, '{}'),
	(365, 'property', NULL, '{}'),
	(366, 'property', NULL, '{}'),
	(367, 'property', NULL, '{}'),
	(368, 'property', NULL, '{}'),
	(369, 'property', NULL, '{}'),
	(370, 'property', NULL, '{}'),
	(371, 'property', NULL, '{}'),
	(372, 'property', NULL, '{}'),
	(373, 'property', NULL, '{}'),
	(374, 'property', NULL, '{}'),
	(375, 'property', NULL, '{}'),
	(376, 'property', NULL, '{}'),
	(377, 'society_dustman', NULL, '\'{}\''),
	(378, 'property', NULL, '{}'),
	(379, 'property', NULL, '{}'),
	(380, 'property', NULL, '{}'),
	(381, 'property', NULL, '{}'),
	(382, 'property', NULL, '{}'),
	(383, 'property', NULL, '{}'),
	(384, 'property', NULL, '{}'),
	(385, 'property', NULL, '{}'),
	(386, 'property', NULL, '{}'),
	(387, 'property', NULL, '{}'),
	(388, 'property', NULL, '{}'),
	(389, 'property', NULL, '{}'),
	(390, 'property', NULL, '{}'),
	(391, 'property', NULL, '{}'),
	(392, 'property', NULL, '{}'),
	(393, 'property', NULL, '{}'),
	(394, 'property', NULL, '{}'),
	(395, 'property', NULL, '{}'),
	(396, 'property', NULL, '{}'),
	(397, 'property', NULL, '{}'),
	(398, 'property', NULL, '{}'),
	(399, 'property', NULL, '{}'),
	(400, 'property', NULL, '{}'),
	(401, 'property', NULL, '{}'),
	(402, 'property', NULL, '{}'),
	(403, 'property', NULL, '{}'),
	(404, 'property', NULL, '{}'),
	(405, 'property', NULL, '{}'),
	(406, 'property', NULL, '{}'),
	(407, 'property', NULL, '{}'),
	(408, 'property', NULL, '{}'),
	(409, 'property', NULL, '{}'),
	(410, 'property', NULL, '{}'),
	(411, 'property', NULL, '{}'),
	(412, 'property', NULL, '{}'),
	(413, 'property', NULL, '{}'),
	(414, 'property', NULL, '{}'),
	(415, 'property', NULL, '{}'),
	(416, 'property', NULL, '{}'),
	(417, 'property', NULL, '{}'),
	(418, 'property', NULL, '{}'),
	(419, 'property', NULL, '{}'),
	(420, 'property', NULL, '{}'),
	(421, 'property', NULL, '{}'),
	(422, 'property', NULL, '{}'),
	(423, 'property', NULL, '{}'),
	(424, 'property', NULL, '{}'),
	(425, 'property', NULL, '{}'),
	(426, 'property', NULL, '{}'),
	(427, 'property', NULL, '{}'),
	(428, 'property', NULL, '{}'),
	(429, 'property', NULL, '{}'),
	(430, 'property', NULL, '{}'),
	(431, 'property', NULL, '{}'),
	(432, 'property', NULL, '{}'),
	(433, 'property', NULL, '{}'),
	(434, 'property', NULL, '{}'),
	(435, 'property', NULL, '{}'),
	(436, 'property', NULL, '{}'),
	(437, 'property', NULL, '{}'),
	(438, 'property', NULL, '{}'),
	(439, 'property', NULL, '{}'),
	(440, 'property', NULL, '{}'),
	(441, 'property', NULL, '{}'),
	(442, 'property', NULL, '{}'),
	(443, 'property', NULL, '{}'),
	(444, 'property', NULL, '{}'),
	(445, 'property', NULL, '{}'),
	(446, 'property', NULL, '{}'),
	(447, 'property', NULL, '{}'),
	(448, 'property', NULL, '{}'),
	(449, 'property', NULL, '{}'),
	(450, 'property', NULL, '{}'),
	(451, 'property', NULL, '{}'),
	(452, 'property', NULL, '{}'),
	(453, 'property', NULL, '{}'),
	(454, 'property', NULL, '{}'),
	(455, 'property', NULL, '{}'),
	(456, 'property', NULL, '{}'),
	(457, 'property', NULL, '{}'),
	(458, 'property', NULL, '{}'),
	(459, 'property', NULL, '{}'),
	(460, 'property', NULL, '{}'),
	(461, 'property', NULL, '{}'),
	(462, 'property', NULL, '{}'),
	(463, 'property', NULL, '{}'),
	(464, 'property', NULL, '{}'),
	(465, 'property', NULL, '{}'),
	(466, 'property', NULL, '{}'),
	(467, 'property', NULL, '{}'),
	(468, 'property', NULL, '{}'),
	(469, 'property', NULL, '{}'),
	(470, 'property', NULL, '{}'),
	(471, 'property', NULL, '{}'),
	(472, 'property', NULL, '{}'),
	(473, 'property', NULL, '{}'),
	(474, 'property', NULL, '{}'),
	(475, 'property', NULL, '{}'),
	(476, 'property', NULL, '{}'),
	(477, 'property', NULL, '{}'),
	(478, 'property', NULL, '{}'),
	(479, 'property', NULL, '{}'),
	(480, 'property', NULL, '{}'),
	(481, 'property', NULL, '{}'),
	(482, 'property', NULL, '{}'),
	(483, 'property', NULL, '{}'),
	(484, 'property', NULL, '{}'),
	(485, 'property', NULL, '{}'),
	(486, 'property', NULL, '{}'),
	(487, 'property', NULL, '{}'),
	(488, 'property', NULL, '{}'),
	(489, 'property', NULL, '{}'),
	(490, 'property', NULL, '{}'),
	(491, 'property', NULL, '{}'),
	(492, 'property', NULL, '{}'),
	(493, 'property', NULL, '{}'),
	(494, 'property', NULL, '{}'),
	(495, 'property', NULL, '{}'),
	(496, 'property', NULL, '{}'),
	(497, 'property', NULL, '{}'),
	(498, 'property', NULL, '{}'),
	(499, 'property', NULL, '{}'),
	(500, 'property', NULL, '{}'),
	(501, 'property', NULL, '{}'),
	(502, 'property', NULL, '{}'),
	(503, 'property', NULL, '{}'),
	(504, 'property', NULL, '{}'),
	(505, 'property', NULL, '{}'),
	(506, 'property', NULL, '{}'),
	(507, 'property', NULL, '{}'),
	(513, 'property', NULL, '{}'),
	(514, 'property', NULL, '{}'),
	(515, 'property', NULL, '{}'),
	(516, 'property', NULL, '{}'),
	(517, 'property', NULL, '{}'),
	(518, 'property', NULL, '{}'),
	(519, 'property', NULL, '{}'),
	(520, 'property', NULL, '{}'),
	(521, 'property', NULL, '{}'),
	(522, 'property', NULL, '{}'),
	(523, 'property', NULL, '{}'),
	(524, 'property', NULL, '{}'),
	(525, 'property', NULL, '{}'),
	(526, 'property', NULL, '{}'),
	(527, 'property', NULL, '{}'),
	(528, 'property', NULL, '{}'),
	(529, 'property', NULL, '{}'),
	(530, 'property', NULL, '{}'),
	(531, 'property', NULL, '{}'),
	(532, 'property', NULL, '{}'),
	(533, 'property', NULL, '{}'),
	(534, 'property', NULL, '{}'),
	(535, 'property', NULL, '{}'),
	(536, 'property', NULL, '{}'),
	(537, 'property', NULL, '{}'),
	(538, 'property', NULL, '{}'),
	(539, 'society_ballas', NULL, '\'{}\''),
	(540, 'property', NULL, '{}'),
	(541, 'property', NULL, '{}'),
	(542, 'property', NULL, '{}'),
	(543, 'property', NULL, '{}'),
	(544, 'property', NULL, '{}'),
	(550, 'property', NULL, '{}'),
	(551, 'property', NULL, '{}'),
	(552, 'property', NULL, '{}'),
	(553, 'property', NULL, '{}'),
	(554, 'property', NULL, '{}'),
	(555, 'property', NULL, '{}'),
	(556, 'property', NULL, '{}'),
	(557, 'property', NULL, '{}'),
	(558, 'property', NULL, '{}'),
	(559, 'property', NULL, '{}'),
	(560, 'property', NULL, '{}'),
	(561, 'property', NULL, '{}'),
	(562, 'property', NULL, '{}'),
	(563, 'property', NULL, '{}'),
	(564, 'property', NULL, '{}'),
	(565, 'property', NULL, '{}'),
	(566, 'property', NULL, '{}'),
	(567, 'property', NULL, '{}'),
	(568, 'property', NULL, '{}'),
	(569, 'property', NULL, '{}'),
	(570, 'property', NULL, '{}'),
	(571, 'property', NULL, '{}'),
	(572, 'property', NULL, '{}'),
	(573, 'property', NULL, '{}'),
	(574, 'property', NULL, '{}'),
	(575, 'property', NULL, '{}'),
	(576, 'property', NULL, '{}'),
	(577, 'property', NULL, '{}'),
	(578, 'property', NULL, '{}'),
	(579, 'property', NULL, '{}'),
	(580, 'property', NULL, '{}'),
	(581, 'property', NULL, '{}'),
	(582, 'property', NULL, '{}'),
	(583, 'property', NULL, '{}'),
	(584, 'property', NULL, '{}'),
	(585, 'property', NULL, '{}'),
	(586, 'property', NULL, '{}'),
	(587, 'property', NULL, '{}'),
	(588, 'property', NULL, '{}'),
	(589, 'property', NULL, '{}'),
	(590, 'property', NULL, '{}'),
	(591, 'property', NULL, '{}'),
	(592, 'property', NULL, '{}'),
	(593, 'property', NULL, '{}'),
	(594, 'property', NULL, '{}'),
	(595, 'property', NULL, '{}'),
	(596, 'property', NULL, '{}'),
	(597, 'property', NULL, '{}'),
	(598, 'property', NULL, '{}'),
	(599, 'property', NULL, '{}'),
	(600, 'property', NULL, '{}'),
	(601, 'property', NULL, '{}'),
	(602, 'property', NULL, '{}'),
	(603, 'property', NULL, '{}'),
	(604, 'property', NULL, '{}'),
	(605, 'property', NULL, '{}'),
	(606, 'property', NULL, '{}'),
	(607, 'property', NULL, '{}'),
	(608, 'property', NULL, '{}'),
	(609, 'property', NULL, '{}'),
	(610, 'property', NULL, '{}'),
	(611, 'property', NULL, '{}'),
	(612, 'property', NULL, '{}'),
	(613, 'property', NULL, '{}'),
	(614, 'property', NULL, '{}'),
	(615, 'property', NULL, '{}'),
	(616, 'property', NULL, '{}'),
	(617, 'property', NULL, '{}'),
	(618, 'property', NULL, '{}'),
	(619, 'property', NULL, '{}'),
	(620, 'property', NULL, '{}'),
	(621, 'property', NULL, '{}'),
	(622, 'property', NULL, '{}'),
	(623, 'property', NULL, '{}'),
	(624, 'property', NULL, '{}'),
	(625, 'property', NULL, '{}'),
	(626, 'property', NULL, '{}'),
	(627, 'property', NULL, '{}'),
	(628, 'property', NULL, '{}'),
	(629, 'property', NULL, '{}'),
	(630, 'property', NULL, '{}'),
	(631, 'property', NULL, '{}'),
	(632, 'property', NULL, '{}'),
	(633, 'property', NULL, '{}'),
	(634, 'property', NULL, '{}'),
	(635, 'property', NULL, '{}'),
	(636, 'property', NULL, '{}'),
	(637, 'property', NULL, '{}'),
	(638, 'property', NULL, '{}'),
	(639, 'property', NULL, '{}'),
	(640, 'property', NULL, '{}'),
	(641, 'property', NULL, '{}'),
	(642, 'property', NULL, '{}'),
	(643, 'property', NULL, '{}'),
	(644, 'property', NULL, '{}'),
	(645, 'property', NULL, '{}'),
	(646, 'property', NULL, '{}'),
	(647, 'property', NULL, '{}'),
	(648, 'property', NULL, '{}'),
	(649, 'property', NULL, '{}'),
	(650, 'property', NULL, '{}'),
	(651, 'property', NULL, '{}'),
	(652, 'property', NULL, '{}'),
	(653, 'property', NULL, '{}'),
	(654, 'property', NULL, '{}'),
	(655, 'property', NULL, '{}'),
	(656, 'property', NULL, '{}'),
	(657, 'property', NULL, '{}'),
	(658, 'property', NULL, '{}'),
	(659, 'property', NULL, '{}'),
	(660, 'property', NULL, '{}'),
	(661, 'property', NULL, '{}'),
	(662, 'property', NULL, '{}'),
	(663, 'property', NULL, '{}'),
	(664, 'property', NULL, '{}'),
	(665, 'property', NULL, '{}'),
	(666, 'property', NULL, '{}'),
	(667, 'property', NULL, '{}'),
	(668, 'property', NULL, '{}'),
	(669, 'property', NULL, '{}'),
	(670, 'property', NULL, '{}'),
	(671, 'property', NULL, '{}'),
	(672, 'property', NULL, '{}'),
	(673, 'property', NULL, '{}'),
	(674, 'property', NULL, '{}'),
	(675, 'property', NULL, '{}'),
	(676, 'property', NULL, '{}'),
	(677, 'property', NULL, '{}'),
	(678, 'property', NULL, '{}'),
	(679, 'property', NULL, '{}'),
	(680, 'property', NULL, '{}'),
	(681, 'property', NULL, '{}'),
	(682, 'property', NULL, '{}'),
	(683, 'property', NULL, '{}'),
	(684, 'property', NULL, '{}'),
	(685, 'property', NULL, '{}'),
	(686, 'property', NULL, '{}'),
	(687, 'property', NULL, '{}'),
	(688, 'property', NULL, '{}'),
	(689, 'property', NULL, '{}'),
	(690, 'property', NULL, '{}'),
	(691, 'property', NULL, '{}'),
	(692, 'property', NULL, '{}'),
	(693, 'property', NULL, '{}'),
	(694, 'property', NULL, '{}'),
	(695, 'property', NULL, '{}'),
	(696, 'property', NULL, '{}'),
	(697, 'property', NULL, '{}'),
	(698, 'property', NULL, '{}'),
	(699, 'property', NULL, '{}'),
	(700, 'property', NULL, '{}'),
	(701, 'property', NULL, '{}'),
	(702, 'property', NULL, '{}'),
	(703, 'property', NULL, '{}'),
	(704, 'property', NULL, '{}'),
	(705, 'property', NULL, '{}'),
	(706, 'property', NULL, '{}'),
	(707, 'property', NULL, '{}'),
	(708, 'property', NULL, '{}'),
	(709, 'property', NULL, '{}'),
	(710, 'property', NULL, '{}'),
	(711, 'property', NULL, '{}'),
	(712, 'property', NULL, '{}'),
	(713, 'property', NULL, '{}'),
	(714, 'property', NULL, '{}'),
	(715, 'property', NULL, '{}'),
	(716, 'property', NULL, '{}'),
	(717, 'property', NULL, '{}'),
	(718, 'property', NULL, '{}'),
	(719, 'property', NULL, '{}'),
	(720, 'property', NULL, '{}'),
	(721, 'property', NULL, '{}'),
	(723, 'property', NULL, '{}'),
	(725, 'property', NULL, '{}'),
	(726, 'property', NULL, '{}'),
	(727, 'property', NULL, '{}'),
	(728, 'property', NULL, '{}'),
	(729, 'property', NULL, '{}'),
	(730, 'property', NULL, '{}'),
	(731, 'property', NULL, '{}'),
	(732, 'property', NULL, '{}'),
	(733, 'property', NULL, '{}'),
	(734, 'property', NULL, '{}'),
	(735, 'property', NULL, '{}'),
	(736, 'property', NULL, '{}'),
	(737, 'property', NULL, '{}'),
	(738, 'property', NULL, '{}'),
	(739, 'property', NULL, '{}'),
	(740, 'property', NULL, '{}'),
	(741, 'property', NULL, '{}'),
	(742, 'property', NULL, '{}'),
	(743, 'property', NULL, '{}'),
	(744, 'property', NULL, '{}'),
	(745, 'property', NULL, '{}'),
	(746, 'property', NULL, '{}'),
	(747, 'property', NULL, '{}'),
	(748, 'property', NULL, '{}'),
	(749, 'property', NULL, '{}'),
	(750, 'property', NULL, '{}'),
	(751, 'property', NULL, '{}'),
	(752, 'property', NULL, '{}'),
	(753, 'property', NULL, '{}'),
	(754, 'property', NULL, '{}'),
	(755, 'property', NULL, '{}'),
	(756, 'property', NULL, '{}'),
	(757, 'property', NULL, '{}'),
	(758, 'property', NULL, '{}'),
	(759, 'property', NULL, '{}'),
	(760, 'property', NULL, '{}'),
	(761, 'property', NULL, '{}'),
	(762, 'property', NULL, '{}'),
	(763, 'property', NULL, '{}'),
	(764, 'property', NULL, '{}'),
	(765, 'society_baker', NULL, '\'{}\''),
	(766, 'property', NULL, '{}'),
	(767, 'property', NULL, '{}'),
	(768, 'property', NULL, '{}'),
	(769, 'property', NULL, '{}'),
	(770, 'property', NULL, '{}'),
	(771, 'property', NULL, '{}'),
	(772, 'property', NULL, '{}'),
	(773, 'property', NULL, '{}'),
	(774, 'property', NULL, '{}'),
	(775, 'property', NULL, '{}'),
	(776, 'property', NULL, '{}'),
	(777, 'property', NULL, '{}'),
	(778, 'property', NULL, '{}'),
	(779, 'property', NULL, '{}'),
	(780, 'property', NULL, '{}'),
	(781, 'property', NULL, '{}'),
	(782, 'property', NULL, '{}'),
	(783, 'property', NULL, '{}'),
	(784, 'property', NULL, '{}'),
	(785, 'property', NULL, '{}'),
	(786, 'property', NULL, '{}'),
	(787, 'property', NULL, '{}'),
	(788, 'property', NULL, '{}'),
	(789, 'property', NULL, '{}'),
	(790, 'property', NULL, '{}'),
	(791, 'property', NULL, '{}'),
	(792, 'property', NULL, '{}'),
	(793, 'property', NULL, '{}'),
	(794, 'property', NULL, '{}'),
	(795, 'property', NULL, '{}'),
	(796, 'property', NULL, '{}'),
	(797, 'property', NULL, '{}'),
	(798, 'property', NULL, '{}'),
	(799, 'property', NULL, '{}'),
	(800, 'property', NULL, '{}'),
	(801, 'property', NULL, '{}'),
	(802, 'property', NULL, '{}'),
	(803, 'property', NULL, '{}'),
	(804, 'property', NULL, '{}'),
	(805, 'property', NULL, '{}'),
	(806, 'property', NULL, '{}'),
	(807, 'property', NULL, '{}'),
	(808, 'property', NULL, '{}'),
	(809, 'property', NULL, '{}'),
	(810, 'property', NULL, '{}'),
	(811, 'property', NULL, '{}'),
	(812, 'property', NULL, '{}'),
	(813, 'property', NULL, '{}'),
	(814, 'property', NULL, '{}'),
	(815, 'property', NULL, '{}'),
	(816, 'property', NULL, '{}'),
	(817, 'property', NULL, '{}'),
	(818, 'property', NULL, '{}'),
	(819, 'property', NULL, '{}'),
	(820, 'property', NULL, '{}'),
	(821, 'property', NULL, '{}'),
	(822, 'property', NULL, '{}'),
	(823, 'property', NULL, '{}'),
	(824, 'property', NULL, '{}'),
	(825, 'property', NULL, '{}'),
	(826, 'property', NULL, '{}'),
	(827, 'property', NULL, '{}'),
	(828, 'property', NULL, '{}'),
	(829, 'property', NULL, '{}'),
	(830, 'property', NULL, '{}'),
	(831, 'property', NULL, '{}'),
	(832, 'property', NULL, '{}'),
	(833, 'property', NULL, '{}'),
	(834, 'property', NULL, '{}'),
	(835, 'property', NULL, '{}'),
	(836, 'property', NULL, '{}'),
	(837, 'property', NULL, '{}'),
	(838, 'property', NULL, '{}'),
	(839, 'property', NULL, '{}'),
	(840, 'property', NULL, '{}'),
	(841, 'property', NULL, '{}'),
	(842, 'property', NULL, '{}'),
	(843, 'property', NULL, '{}'),
	(844, 'property', NULL, '{}'),
	(845, 'property', NULL, '{}'),
	(846, 'property', NULL, '{}'),
	(847, 'property', NULL, '{}'),
	(848, 'property', NULL, '{}'),
	(849, 'property', NULL, '{}'),
	(850, 'property', NULL, '{}'),
	(851, 'property', NULL, '{}'),
	(852, 'property', NULL, '{}'),
	(853, 'property', NULL, '{}'),
	(854, 'society_unicorn', NULL, '\'{}\''),
	(855, 'property', NULL, '{}'),
	(856, 'property', NULL, '{}'),
	(857, 'property', NULL, '{}'),
	(858, 'property', NULL, '{}'),
	(859, 'property', NULL, '{}'),
	(860, 'property', NULL, '{}'),
	(861, 'property', NULL, '{}'),
	(862, 'property', NULL, '{}'),
	(863, 'property', NULL, '{}'),
	(864, 'property', NULL, '{}'),
	(865, 'property', NULL, '{}'),
	(866, 'property', NULL, '{}'),
	(867, 'property', NULL, '{}'),
	(868, 'property', NULL, '{}'),
	(869, 'property', NULL, '{}'),
	(870, 'property', NULL, '{}'),
	(871, 'property', NULL, '{}'),
	(872, 'property', NULL, '{}'),
	(873, 'property', NULL, '{}'),
	(874, 'property', NULL, '{}'),
	(875, 'property', NULL, '{}'),
	(876, 'property', NULL, '{}'),
	(877, 'property', NULL, '{}'),
	(878, 'property', NULL, '{}'),
	(879, 'property', NULL, '{}'),
	(880, 'property', NULL, '{}'),
	(881, 'property', NULL, '{}'),
	(882, 'property', NULL, '{}'),
	(883, 'property', NULL, '{}'),
	(884, 'property', NULL, '{}'),
	(885, 'property', NULL, '{}'),
	(886, 'property', NULL, '{}'),
	(887, 'property', NULL, '{}'),
	(888, 'property', NULL, '{}'),
	(889, 'property', NULL, '{}'),
	(890, 'property', NULL, '{}'),
	(891, 'property', NULL, '{}'),
	(892, 'property', NULL, '{}'),
	(893, 'property', NULL, '{}'),
	(894, 'property', NULL, '{}'),
	(895, 'property', NULL, '{}'),
	(896, 'property', NULL, '{}'),
	(897, 'property', NULL, '{}'),
	(898, 'property', NULL, '{}'),
	(899, 'property', NULL, '{}'),
	(900, 'property', NULL, '{}'),
	(901, 'property', NULL, '{}'),
	(902, 'property', NULL, '{}'),
	(903, 'property', NULL, '{}'),
	(904, 'property', NULL, '{}'),
	(905, 'property', NULL, '{}'),
	(906, 'property', NULL, '{}'),
	(907, 'property', NULL, '{}'),
	(908, 'property', NULL, '{}'),
	(909, 'property', NULL, '{}'),
	(910, 'property', NULL, '{}'),
	(911, 'property', NULL, '{}'),
	(912, 'property', NULL, '{}'),
	(913, 'property', NULL, '{}'),
	(914, 'property', NULL, '{}'),
	(915, 'property', NULL, '{}'),
	(916, 'property', NULL, '{}'),
	(917, 'property', NULL, '{}'),
	(918, 'property', NULL, '{}'),
	(919, 'property', NULL, '{}'),
	(920, 'property', NULL, '{}'),
	(921, 'property', NULL, '{}'),
	(922, 'property', NULL, '{}'),
	(923, 'property', NULL, '{}'),
	(924, 'property', NULL, '{}'),
	(925, 'property', NULL, '{}'),
	(926, 'property', NULL, '{}'),
	(927, 'property', NULL, '{}'),
	(928, 'property', NULL, '{}'),
	(929, 'property', NULL, '{}'),
	(930, 'property', NULL, '{}'),
	(931, 'property', NULL, '{}'),
	(932, 'property', NULL, '{}'),
	(933, 'property', NULL, '{}'),
	(934, 'property', NULL, '{}'),
	(935, 'property', NULL, '{}'),
	(936, 'property', NULL, '{}'),
	(937, 'property', NULL, '{}'),
	(938, 'property', NULL, '{}'),
	(939, 'property', NULL, '{}'),
	(940, 'property', NULL, '{}'),
	(941, 'property', NULL, '{}'),
	(942, 'property', NULL, '{}'),
	(943, 'property', NULL, '{}'),
	(944, 'property', NULL, '{}'),
	(945, 'property', NULL, '{}'),
	(946, 'property', NULL, '{}'),
	(947, 'property', NULL, '{}'),
	(948, 'property', NULL, '{}'),
	(949, 'property', NULL, '{}'),
	(950, 'property', NULL, '{}'),
	(951, 'property', NULL, '{}'),
	(952, 'property', NULL, '{}'),
	(953, 'property', NULL, '{}'),
	(954, 'property', NULL, '{}'),
	(955, 'property', NULL, '{}'),
	(956, 'property', NULL, '{}'),
	(957, 'property', NULL, '{}'),
	(958, 'property', NULL, '{}'),
	(959, 'property', NULL, '{}'),
	(960, 'property', NULL, '{}'),
	(961, 'property', NULL, '{}'),
	(962, 'property', NULL, '{}'),
	(963, 'property', NULL, '{}'),
	(964, 'property', NULL, '{}'),
	(965, 'property', NULL, '{}'),
	(966, 'property', NULL, '{}'),
	(967, 'property', NULL, '{}'),
	(968, 'property', NULL, '{}'),
	(969, 'property', NULL, '{}'),
	(970, 'property', NULL, '{}'),
	(971, 'property', NULL, '{}'),
	(972, 'property', NULL, '{}'),
	(973, 'property', NULL, '{}'),
	(974, 'property', NULL, '{}'),
	(975, 'property', NULL, '{}'),
	(977, 'property', NULL, '{}'),
	(978, 'property', NULL, '{}'),
	(979, 'property', NULL, '{}'),
	(980, 'property', NULL, '{}'),
	(981, 'property', NULL, '{}'),
	(982, 'property', NULL, '{}'),
	(983, 'property', NULL, '{}'),
	(984, 'property', NULL, '{}'),
	(985, 'property', NULL, '{}'),
	(986, 'property', NULL, '{}'),
	(987, 'property', NULL, '{}'),
	(988, 'property', NULL, '{}'),
	(989, 'property', NULL, '{}'),
	(990, 'property', NULL, '{}'),
	(991, 'property', NULL, '{}'),
	(992, 'property', NULL, '{}'),
	(993, 'property', NULL, '{}'),
	(994, 'property', NULL, '{}'),
	(995, 'property', NULL, '{}'),
	(996, 'property', NULL, '{}'),
	(997, 'property', NULL, '{}'),
	(998, 'property', NULL, '{}'),
	(999, 'property', NULL, '{}'),
	(1000, 'property', NULL, '{}'),
	(1001, 'property', NULL, '{}'),
	(1002, 'property', NULL, '{}'),
	(1003, 'property', NULL, '{}'),
	(1004, 'property', NULL, '{}'),
	(1005, 'property', NULL, '{}'),
	(1006, 'property', NULL, '{}'),
	(1007, 'property', NULL, '{}'),
	(1008, 'property', NULL, '{}'),
	(1009, 'property', NULL, '{}'),
	(1010, 'property', NULL, '{}'),
	(1011, 'property', NULL, '{}'),
	(1012, 'property', NULL, '{}'),
	(1013, 'property', NULL, '{}'),
	(1014, 'property', NULL, '{}'),
	(1015, 'property', NULL, '{}'),
	(1016, 'property', NULL, '{}'),
	(1017, 'property', NULL, '{}'),
	(1018, 'property', NULL, '{}'),
	(1019, 'property', NULL, '{}'),
	(1020, 'property', NULL, '{}'),
	(1021, 'property', NULL, '{}'),
	(1022, 'property', NULL, '{}'),
	(1023, 'property', NULL, '{}'),
	(1024, 'property', NULL, '{}'),
	(1025, 'property', NULL, '{}'),
	(1026, 'property', NULL, '{}'),
	(1027, 'property', NULL, '{}'),
	(1028, 'property', NULL, '{}'),
	(1029, 'property', NULL, '{}'),
	(1030, 'property', NULL, '{}'),
	(1031, 'property', NULL, '{}'),
	(1032, 'property', NULL, '{}'),
	(1033, 'property', NULL, '{}'),
	(1034, 'property', NULL, '{}'),
	(1035, 'property', NULL, '{}'),
	(1036, 'property', NULL, '{}'),
	(1037, 'property', NULL, '{}'),
	(1038, 'property', NULL, '{}'),
	(1039, 'property', NULL, '{}'),
	(1040, 'property', NULL, '{}'),
	(1041, 'property', NULL, '{}'),
	(1042, 'property', NULL, '{}'),
	(1043, 'property', NULL, '{}'),
	(1044, 'property', NULL, '{}'),
	(1045, 'property', NULL, '{}'),
	(1046, 'property', NULL, '{}'),
	(1047, 'property', NULL, '{}'),
	(1048, 'property', NULL, '{}'),
	(1049, 'property', NULL, '{}'),
	(1050, 'property', NULL, '{}'),
	(1051, 'property', NULL, '{}'),
	(1052, 'property', NULL, '{}'),
	(1053, 'property', NULL, '{}'),
	(1054, 'property', NULL, '{}'),
	(1055, 'property', NULL, '{}'),
	(1056, 'property', NULL, '{}'),
	(1057, 'property', NULL, '{}'),
	(1058, 'property', NULL, '{}'),
	(1059, 'property', NULL, '{}'),
	(1060, 'property', NULL, '{}'),
	(1061, 'property', NULL, '{}'),
	(1062, 'property', NULL, '{}'),
	(1063, 'property', NULL, '{}'),
	(1064, 'property', NULL, '{}'),
	(1065, 'property', NULL, '{}'),
	(1066, 'property', NULL, '{}'),
	(1067, 'property', NULL, '{}'),
	(1068, 'property', NULL, '{}'),
	(1069, 'property', NULL, '{}'),
	(1070, 'property', NULL, '{}'),
	(1071, 'property', NULL, '{}'),
	(1072, 'property', NULL, '{}'),
	(1073, 'property', NULL, '{}'),
	(1074, 'property', NULL, '{}'),
	(1075, 'property', NULL, '{}'),
	(1076, 'property', NULL, '{}'),
	(1077, 'property', NULL, '{}'),
	(1078, 'property', NULL, '{}'),
	(1079, 'property', NULL, '{}'),
	(1080, 'property', NULL, '{}'),
	(1081, 'property', NULL, '{}'),
	(1082, 'property', NULL, '{}'),
	(1088, 'property', NULL, '{}'),
	(1089, 'property', NULL, '{}'),
	(1090, 'property', NULL, '{}'),
	(1091, 'property', NULL, '{}'),
	(1092, 'property', NULL, '{}'),
	(1093, 'property', NULL, '{}'),
	(1094, 'property', NULL, '{}'),
	(1095, 'property', NULL, '{}'),
	(1096, 'property', NULL, '{}'),
	(1097, 'property', NULL, '{}'),
	(1098, 'property', NULL, '{}'),
	(1099, 'property', NULL, '{}'),
	(1100, 'property', NULL, '{}'),
	(1101, 'property', NULL, '{}'),
	(1102, 'property', NULL, '{}'),
	(1103, 'property', NULL, '{}'),
	(1104, 'property', NULL, '{}'),
	(1105, 'property', NULL, '{}'),
	(1106, 'property', NULL, '{}'),
	(1107, 'property', NULL, '{}'),
	(1108, 'property', NULL, '{}'),
	(1109, 'property', NULL, '{}'),
	(1110, 'property', NULL, '{}'),
	(1111, 'property', NULL, '{}'),
	(1112, 'property', NULL, '{}'),
	(1113, 'property', NULL, '{}'),
	(1114, 'property', NULL, '{}'),
	(1115, 'property', NULL, '{}'),
	(1116, 'property', NULL, '{}'),
	(1117, 'property', NULL, '{}'),
	(1118, 'property', NULL, '{}'),
	(1119, 'property', NULL, '{}'),
	(1120, 'property', NULL, '{}'),
	(1121, 'property', NULL, '{}'),
	(1122, 'property', NULL, '{}'),
	(1123, 'property', NULL, '{}'),
	(1124, 'property', NULL, '{}'),
	(1125, 'property', NULL, '{}'),
	(1126, 'property', NULL, '{}'),
	(1127, 'property', NULL, '{}'),
	(1128, 'property', NULL, '{}'),
	(1129, 'property', NULL, '{}'),
	(1130, 'property', NULL, '{}'),
	(1131, 'property', NULL, '{}'),
	(1132, 'property', NULL, '{}'),
	(1133, 'property', NULL, '{}'),
	(1134, 'property', NULL, '{}'),
	(1135, 'property', NULL, '{}'),
	(1136, 'property', NULL, '{}'),
	(1137, 'property', NULL, '{}'),
	(1138, 'property', NULL, '{}'),
	(1139, 'property', NULL, '{}'),
	(1140, 'property', NULL, '{}'),
	(1141, 'property', NULL, '{}'),
	(1142, 'property', NULL, '{}'),
	(1143, 'property', NULL, '{}'),
	(1144, 'property', NULL, '{}'),
	(1145, 'property', NULL, '{}'),
	(1146, 'property', NULL, '{}'),
	(1147, 'property', NULL, '{}'),
	(1148, 'property', NULL, '{}'),
	(1149, 'property', NULL, '{}'),
	(1150, 'property', NULL, '{}'),
	(1151, 'property', NULL, '{}'),
	(1152, 'property', NULL, '{}'),
	(1153, 'property', NULL, '{}'),
	(1154, 'property', NULL, '{}'),
	(1155, 'property', NULL, '{}'),
	(1156, 'property', NULL, '{}'),
	(1157, 'property', NULL, '{}'),
	(1158, 'property', NULL, '{}'),
	(1159, 'property', NULL, '{}'),
	(1160, 'property', NULL, '{}'),
	(1161, 'property', NULL, '{}'),
	(1162, 'property', NULL, '{}'),
	(1163, 'property', NULL, '{}'),
	(1164, 'property', NULL, '{}'),
	(1165, 'property', NULL, '{}'),
	(1166, 'property', NULL, '{}'),
	(1167, 'property', NULL, '{}'),
	(1168, 'property', NULL, '{}'),
	(1169, 'property', NULL, '{}'),
	(1170, 'property', NULL, '{}'),
	(1171, 'property', NULL, '{}'),
	(1172, 'property', NULL, '{}'),
	(1178, 'property', NULL, '{}'),
	(1179, 'property', NULL, '{}'),
	(1180, 'property', NULL, '{}'),
	(1181, 'property', NULL, '{}'),
	(1182, 'property', NULL, '{}'),
	(1183, 'property', NULL, '{}'),
	(1184, 'property', NULL, '{}'),
	(1185, 'property', NULL, '{}'),
	(1186, 'property', NULL, '{}'),
	(1187, 'property', NULL, '{}'),
	(1188, 'property', NULL, '{}'),
	(1189, 'property', NULL, '{}'),
	(1190, 'property', NULL, '{}'),
	(1191, 'property', NULL, '{}'),
	(1192, 'property', NULL, '{}'),
	(1193, 'property', NULL, '{}'),
	(1194, 'property', NULL, '{}'),
	(1195, 'property', NULL, '{}'),
	(1196, 'property', NULL, '{}'),
	(1197, 'property', NULL, '{}'),
	(1198, 'property', NULL, '{}'),
	(1199, 'property', NULL, '{}'),
	(1200, 'property', NULL, '{}'),
	(1201, 'property', NULL, '{}'),
	(1202, 'property', NULL, '{}'),
	(1203, 'property', NULL, '{}'),
	(1204, 'property', NULL, '{}'),
	(1205, 'property', NULL, '{}'),
	(1206, 'property', NULL, '{}'),
	(1207, 'property', NULL, '{}'),
	(1208, 'property', NULL, '{}'),
	(1209, 'property', NULL, '{}'),
	(1210, 'property', NULL, '{}'),
	(1211, 'property', NULL, '{}'),
	(1212, 'property', NULL, '{}'),
	(1213, 'property', NULL, '{}'),
	(1214, 'property', NULL, '{}'),
	(1215, 'property', NULL, '{}'),
	(1216, 'property', NULL, '{}'),
	(1217, 'property', NULL, '{}'),
	(1218, 'property', NULL, '{}'),
	(1219, 'property', NULL, '{}'),
	(1220, 'property', NULL, '{}'),
	(1221, 'property', NULL, '{}'),
	(1222, 'property', NULL, '{}'),
	(1223, 'property', NULL, '{}'),
	(1224, 'property', NULL, '{}'),
	(1225, 'property', NULL, '{}'),
	(1226, 'property', NULL, '{}'),
	(1227, 'property', NULL, '{}'),
	(1228, 'property', NULL, '{}'),
	(1229, 'property', NULL, '{}'),
	(1230, 'property', NULL, '{}'),
	(1231, 'property', NULL, '{}'),
	(1232, 'property', NULL, '{}'),
	(1233, 'property', NULL, '{}'),
	(1234, 'property', NULL, '{}'),
	(1235, 'property', NULL, '{}'),
	(1236, 'property', NULL, '{}'),
	(1237, 'property', NULL, '{}'),
	(1238, 'property', NULL, '{}'),
	(1239, 'property', NULL, '{}'),
	(1240, 'property', NULL, '{}'),
	(1241, 'property', NULL, '{}'),
	(1242, 'property', NULL, '{}'),
	(1243, 'property', NULL, '{}'),
	(1244, 'property', NULL, '{}'),
	(1245, 'property', NULL, '{}'),
	(1246, 'property', NULL, '{}'),
	(1247, 'property', NULL, '{}'),
	(1248, 'property', NULL, '{}'),
	(1249, 'property', NULL, '{}'),
	(1250, 'property', NULL, '{}'),
	(1251, 'property', NULL, '{}'),
	(1252, 'property', NULL, '{}'),
	(1253, 'property', NULL, '{}'),
	(1254, 'property', NULL, '{}'),
	(1255, 'property', NULL, '{}'),
	(1256, 'property', NULL, '{}'),
	(1257, 'property', NULL, '{}'),
	(1258, 'property', NULL, '{}'),
	(1259, 'property', NULL, '{}'),
	(1260, 'property', NULL, '{}'),
	(1261, 'property', NULL, '{}'),
	(1262, 'property', NULL, '{}'),
	(1263, 'property', NULL, '{}'),
	(1264, 'property', NULL, '{}'),
	(1265, 'property', NULL, '{}'),
	(1266, 'property', NULL, '{}'),
	(1267, 'property', NULL, '{}'),
	(1268, 'property', NULL, '{}'),
	(1269, 'property', NULL, '{}'),
	(1270, 'property', NULL, '{}'),
	(1271, 'property', NULL, '{}'),
	(1272, 'property', NULL, '{}'),
	(1273, 'property', NULL, '{}'),
	(1274, 'property', NULL, '{}'),
	(1275, 'property', NULL, '{}'),
	(1276, 'property', NULL, '{}'),
	(1277, 'property', NULL, '{}'),
	(1278, 'property', NULL, '{}'),
	(1279, 'property', NULL, '{}'),
	(1280, 'property', NULL, '{}'),
	(1281, 'property', NULL, '{}'),
	(1282, 'property', NULL, '{}'),
	(1283, 'property', NULL, '{}'),
	(1284, 'property', NULL, '{}'),
	(1285, 'property', NULL, '{}'),
	(1286, 'property', NULL, '{}'),
	(1287, 'property', NULL, '{}'),
	(1288, 'property', NULL, '{}'),
	(1289, 'property', NULL, '{}'),
	(1290, 'property', NULL, '{}'),
	(1291, 'property', NULL, '{}'),
	(1292, 'property', NULL, '{}'),
	(1293, 'property', NULL, '{}'),
	(1294, 'property', NULL, '{}'),
	(1295, 'property', NULL, '{}'),
	(1296, 'property', NULL, '{}'),
	(1297, 'property', NULL, '{}'),
	(1298, 'property', NULL, '{}'),
	(1299, 'property', NULL, '{}'),
	(1300, 'property', NULL, '{}'),
	(1301, 'property', NULL, '{}'),
	(1302, 'property', NULL, '{}'),
	(1303, 'property', NULL, '{}'),
	(1304, 'property', NULL, '{}'),
	(1305, 'property', NULL, '{}'),
	(1306, 'property', NULL, '{}'),
	(1307, 'property', NULL, '{}'),
	(1308, 'property', NULL, '{}'),
	(1309, 'property', NULL, '{}'),
	(1310, 'property', NULL, '{}'),
	(1311, 'property', NULL, '{}'),
	(1312, 'property', NULL, '{}'),
	(1313, 'property', NULL, '{}'),
	(1314, 'property', NULL, '{}'),
	(1315, 'property', NULL, '{}'),
	(1316, 'property', NULL, '{}'),
	(1317, 'property', NULL, '{}'),
	(1318, 'property', NULL, '{}'),
	(1319, 'property', NULL, '{}'),
	(1320, 'property', NULL, '{}'),
	(1321, 'property', NULL, '{}'),
	(1322, 'property', NULL, '{}'),
	(1323, 'property', NULL, '{}'),
	(1324, 'property', NULL, '{}'),
	(1325, 'property', NULL, '{}'),
	(1326, 'property', NULL, '{}'),
	(1327, 'property', NULL, '{}'),
	(1328, 'property', NULL, '{}'),
	(1329, 'property', NULL, '{}'),
	(1330, 'property', NULL, '{}'),
	(1331, 'property', NULL, '{}'),
	(1332, 'property', NULL, '{}'),
	(1333, 'property', NULL, '{}'),
	(1334, 'property', NULL, '{}'),
	(1335, 'property', NULL, '{}'),
	(1336, 'property', NULL, '{}'),
	(1337, 'property', NULL, '{}'),
	(1338, 'property', NULL, '{}'),
	(1339, 'property', NULL, '{}'),
	(1340, 'property', NULL, '{}'),
	(1341, 'property', NULL, '{}'),
	(1342, 'property', NULL, '{}'),
	(1343, 'property', NULL, '{}'),
	(1344, 'property', NULL, '{}'),
	(1345, 'property', NULL, '{}'),
	(1346, 'property', NULL, '{}'),
	(1347, 'property', NULL, '{}'),
	(1348, 'property', NULL, '{}'),
	(1349, 'property', NULL, '{}'),
	(1350, 'property', NULL, '{}'),
	(1351, 'property', NULL, '{}'),
	(1352, 'property', NULL, '{}'),
	(1353, 'property', NULL, '{}'),
	(1354, 'property', NULL, '{}'),
	(1355, 'property', NULL, '{}'),
	(1356, 'property', NULL, '{}'),
	(1357, 'property', NULL, '{}'),
	(1358, 'property', NULL, '{}'),
	(1359, 'property', NULL, '{}'),
	(1360, 'property', NULL, '{}'),
	(1361, 'property', NULL, '{}'),
	(1362, 'property', NULL, '{}'),
	(1363, 'property', NULL, '{}'),
	(1364, 'property', NULL, '{}'),
	(1365, 'property', NULL, '{}'),
	(1366, 'property', NULL, '{}'),
	(1367, 'property', NULL, '{}'),
	(1368, 'property', NULL, '{}'),
	(1369, 'property', NULL, '{}'),
	(1370, 'property', NULL, '{}'),
	(1371, 'property', NULL, '{}'),
	(1372, 'property', NULL, '{}'),
	(1373, 'property', NULL, '{}'),
	(1374, 'property', NULL, '{}'),
	(1375, 'property', NULL, '{}'),
	(1376, 'property', NULL, '{}'),
	(1377, 'property', NULL, '{}'),
	(1378, 'property', NULL, '{}'),
	(1379, 'property', NULL, '{}'),
	(1380, 'property', NULL, '{}'),
	(1381, 'property', NULL, '{}'),
	(1382, 'property', NULL, '{}'),
	(1383, 'property', NULL, '{}'),
	(1384, 'property', NULL, '{}'),
	(1385, 'property', NULL, '{}'),
	(1386, 'property', NULL, '{}'),
	(1387, 'property', NULL, '{}'),
	(1388, 'property', NULL, '{}'),
	(1389, 'property', NULL, '{}'),
	(1390, 'property', NULL, '{}'),
	(1391, 'property', NULL, '{}'),
	(1392, 'property', NULL, '{}'),
	(1393, 'property', NULL, '{}'),
	(1394, 'property', NULL, '{}'),
	(1395, 'property', NULL, '{}'),
	(1396, 'property', NULL, '{}'),
	(1397, 'property', NULL, '{}'),
	(1398, 'property', NULL, '{}'),
	(1399, 'property', NULL, '{}'),
	(1400, 'property', NULL, '{}'),
	(1401, 'property', NULL, '{}'),
	(1402, 'property', NULL, '{}'),
	(1403, 'property', NULL, '{}'),
	(1404, 'property', NULL, '{}'),
	(1405, 'property', NULL, '{}'),
	(1406, 'property', NULL, '{}'),
	(1407, 'property', NULL, '{}'),
	(1408, 'property', NULL, '{}'),
	(1409, 'property', NULL, '{}'),
	(1410, 'property', NULL, '{}'),
	(1411, 'property', NULL, '{}'),
	(1412, 'property', NULL, '{}'),
	(1413, 'property', NULL, '{}'),
	(1414, 'property', NULL, '{}'),
	(1415, 'property', NULL, '{}'),
	(1416, 'property', NULL, '{}'),
	(1417, 'property', NULL, '{}'),
	(1418, 'property', NULL, '{}'),
	(1419, 'property', NULL, '{}'),
	(1420, 'property', NULL, '{}'),
	(1421, 'property', NULL, '{}'),
	(1422, 'property', NULL, '{}'),
	(1423, 'property', NULL, '{}'),
	(1424, 'property', NULL, '{}'),
	(1425, 'property', NULL, '{}'),
	(1426, 'property', NULL, '{}'),
	(1427, 'property', NULL, '{}'),
	(1428, 'property', NULL, '{}'),
	(1429, 'property', NULL, '{}'),
	(1430, 'property', NULL, '{}'),
	(1431, 'property', NULL, '{}'),
	(1432, 'property', NULL, '{}'),
	(1433, 'property', NULL, '{}'),
	(1434, 'property', NULL, '{}'),
	(1435, 'property', NULL, '{}'),
	(1436, 'property', NULL, '{}'),
	(1437, 'property', NULL, '{}'),
	(1438, 'property', NULL, '{}'),
	(1439, 'property', NULL, '{}'),
	(1440, 'property', NULL, '{}'),
	(1441, 'property', NULL, '{}'),
	(1442, 'property', NULL, '{}'),
	(1443, 'property', NULL, '{}'),
	(1444, 'property', NULL, '{}'),
	(1445, 'property', NULL, '{}'),
	(1446, 'property', NULL, '{}'),
	(1447, 'property', NULL, '{}'),
	(1448, 'property', NULL, '{}'),
	(1449, 'property', NULL, '{}'),
	(1450, 'property', NULL, '{}'),
	(1451, 'property', NULL, '{}'),
	(1452, 'property', NULL, '{}'),
	(1453, 'property', NULL, '{}'),
	(1454, 'property', NULL, '{}'),
	(1455, 'property', NULL, '{}'),
	(1456, 'property', NULL, '{}'),
	(1457, 'property', NULL, '{}'),
	(1458, 'property', NULL, '{}'),
	(1459, 'property', NULL, '{}'),
	(1460, 'property', NULL, '{}'),
	(1461, 'property', NULL, '{}'),
	(1462, 'property', NULL, '{}'),
	(1463, 'property', NULL, '{}'),
	(1464, 'property', NULL, '{}'),
	(1465, 'property', NULL, '{}'),
	(1466, 'property', NULL, '{}'),
	(1467, 'property', NULL, '{}'),
	(1468, 'property', NULL, '{}'),
	(1469, 'property', NULL, '{}'),
	(1470, 'property', NULL, '{}'),
	(1471, 'property', NULL, '{}'),
	(1472, 'property', NULL, '{}'),
	(1473, 'property', NULL, '{}'),
	(1474, 'property', NULL, '{}'),
	(1475, 'property', NULL, '{}'),
	(1476, 'property', NULL, '{}'),
	(1477, 'property', NULL, '{}'),
	(1478, 'property', NULL, '{}'),
	(1479, 'property', NULL, '{}'),
	(1480, 'property', NULL, '{}'),
	(1481, 'property', NULL, '{}'),
	(1482, 'property', NULL, '{}'),
	(1483, 'property', NULL, '{}'),
	(1484, 'property', NULL, '{}'),
	(1485, 'property', NULL, '{}'),
	(1486, 'property', NULL, '{}'),
	(1487, 'property', NULL, '{}'),
	(1488, 'property', NULL, '{}'),
	(1489, 'property', NULL, '{}'),
	(1490, 'property', NULL, '{}'),
	(1491, 'property', NULL, '{}'),
	(1492, 'property', NULL, '{}'),
	(1493, 'property', NULL, '{}'),
	(1494, 'property', NULL, '{}'),
	(1495, 'property', NULL, '{}'),
	(1496, 'property', NULL, '{}'),
	(1497, 'property', NULL, '{}'),
	(1498, 'property', NULL, '{}'),
	(1499, 'property', NULL, '{}'),
	(1500, 'property', NULL, '{}'),
	(1501, 'property', NULL, '{}'),
	(1502, 'property', NULL, '{}'),
	(1503, 'property', NULL, '{}'),
	(1504, 'property', NULL, '{}'),
	(1505, 'property', NULL, '{}'),
	(1506, 'property', NULL, '{}'),
	(1507, 'property', NULL, '{}'),
	(1508, 'property', NULL, '{}'),
	(1509, 'property', NULL, '{}'),
	(1510, 'property', NULL, '{}'),
	(1511, 'property', NULL, '{}'),
	(1512, 'property', NULL, '{}'),
	(1513, 'property', NULL, '{}'),
	(1514, 'property', NULL, '{}'),
	(1515, 'property', NULL, '{}'),
	(1516, 'property', NULL, '{}'),
	(1517, 'property', NULL, '{}'),
	(1518, 'property', NULL, '{}'),
	(1519, 'property', NULL, '{}'),
	(1520, 'property', NULL, '{}'),
	(1521, 'property', NULL, '{}'),
	(1522, 'property', NULL, '{}'),
	(1523, 'property', NULL, '{}'),
	(1524, 'property', NULL, '{}'),
	(1525, 'property', NULL, '{}'),
	(1526, 'property', NULL, '{}'),
	(1527, 'property', NULL, '{}'),
	(1528, 'property', NULL, '{}'),
	(1529, 'property', NULL, '{}'),
	(1530, 'property', NULL, '{}'),
	(1531, 'property', NULL, '{}'),
	(1532, 'property', NULL, '{}'),
	(1533, 'property', NULL, '{}'),
	(1534, 'property', NULL, '{}'),
	(1535, 'property', NULL, '{}'),
	(1536, 'property', NULL, '{}'),
	(1537, 'property', NULL, '{}'),
	(1538, 'property', NULL, '{}'),
	(1539, 'property', NULL, '{}'),
	(1540, 'property', NULL, '{}'),
	(1541, 'property', NULL, '{}'),
	(1542, 'property', NULL, '{}'),
	(1543, 'property', NULL, '{}'),
	(1544, 'property', NULL, '{}'),
	(1545, 'property', NULL, '{}'),
	(1546, 'property', NULL, '{}'),
	(1547, 'property', NULL, '{}'),
	(1548, 'property', NULL, '{}'),
	(1549, 'property', NULL, '{}'),
	(1550, 'property', NULL, '{}'),
	(1551, 'property', NULL, '{}'),
	(1552, 'property', NULL, '{}'),
	(1553, 'property', NULL, '{}'),
	(1554, 'property', NULL, '{}'),
	(1555, 'property', NULL, '{}'),
	(1556, 'property', NULL, '{}'),
	(1557, 'property', NULL, '{}'),
	(1558, 'property', NULL, '{}'),
	(1559, 'property', NULL, '{}'),
	(1560, 'property', NULL, '{}'),
	(1561, 'property', NULL, '{}'),
	(1562, 'property', NULL, '{}'),
	(1563, 'property', NULL, '{}'),
	(1564, 'property', NULL, '{}'),
	(1565, 'property', NULL, '{}'),
	(1566, 'property', NULL, '{}'),
	(1567, 'property', NULL, '{}'),
	(1568, 'property', NULL, '{}'),
	(1569, 'property', NULL, '{}'),
	(1570, 'property', NULL, '{}'),
	(1571, 'property', NULL, '{}'),
	(1572, 'property', NULL, '{}'),
	(1573, 'property', NULL, '{}'),
	(1574, 'property', NULL, '{}'),
	(1575, 'property', NULL, '{}'),
	(1576, 'property', NULL, '{}'),
	(1577, 'property', NULL, '{}'),
	(1578, 'property', NULL, '{}'),
	(1579, 'property', NULL, '{}'),
	(1580, 'property', NULL, '{}'),
	(1581, 'property', NULL, '{}'),
	(1582, 'property', NULL, '{}'),
	(1583, 'property', NULL, '{}'),
	(1584, 'property', NULL, '{}'),
	(1585, 'property', NULL, '{}'),
	(1586, 'property', NULL, '{}'),
	(1587, 'property', NULL, '{}'),
	(1588, 'property', NULL, '{}'),
	(1589, 'property', NULL, '{}'),
	(1590, 'property', NULL, '{}'),
	(1591, 'property', NULL, '{}'),
	(1592, 'property', NULL, '{}'),
	(1593, 'property', NULL, '{}'),
	(1594, 'property', NULL, '{}'),
	(1595, 'property', NULL, '{}'),
	(1596, 'property', NULL, '{}'),
	(1597, 'property', NULL, '{}'),
	(1598, 'property', NULL, '{}'),
	(1599, 'property', NULL, '{}'),
	(1600, 'property', NULL, '{}'),
	(1601, 'property', NULL, '{}'),
	(1602, 'property', NULL, '{}'),
	(1603, 'property', NULL, '{}'),
	(1604, 'property', NULL, '{}'),
	(1605, 'property', NULL, '{}'),
	(1606, 'property', NULL, '{}'),
	(1607, 'property', NULL, '{}'),
	(1608, 'property', NULL, '{}'),
	(1609, 'property', NULL, '{}'),
	(1610, 'property', NULL, '{}'),
	(1611, 'property', NULL, '{}'),
	(1612, 'property', NULL, '{}'),
	(1613, 'property', NULL, '{}'),
	(1614, 'property', NULL, '{}'),
	(1615, 'property', NULL, '{}'),
	(1616, 'property', NULL, '{}'),
	(1617, 'property', NULL, '{}'),
	(1618, 'society_fisherman', NULL, '\'{}\''),
	(1619, 'property', NULL, '{}'),
	(1620, 'property', NULL, '{}'),
	(1621, 'property', NULL, '{}'),
	(1622, 'property', NULL, '{}'),
	(1623, 'property', NULL, '{}'),
	(1624, 'property', NULL, '{}'),
	(1625, 'property', NULL, '{}'),
	(1626, 'property', NULL, '{}'),
	(1627, 'property', NULL, '{}'),
	(1628, 'property', NULL, '{}'),
	(1629, 'property', NULL, '{}'),
	(1630, 'property', NULL, '{}'),
	(1631, 'property', NULL, '{}'),
	(1632, 'property', NULL, '{}'),
	(1633, 'property', NULL, '{}'),
	(1634, 'property', NULL, '{}'),
	(1635, 'property', NULL, '{}'),
	(1636, 'property', NULL, '{}'),
	(1637, 'property', NULL, '{}'),
	(1638, 'property', NULL, '{}'),
	(1639, 'property', NULL, '{}'),
	(1640, 'property', NULL, '{}'),
	(1641, 'property', NULL, '{}'),
	(1642, 'property', NULL, '{}'),
	(1643, 'property', NULL, '{}'),
	(1644, 'property', NULL, '{}'),
	(1645, 'property', NULL, '{}'),
	(1646, 'property', NULL, '{}'),
	(1647, 'property', NULL, '{}'),
	(1648, 'property', NULL, '{}'),
	(1649, 'property', NULL, '{}'),
	(1650, 'property', NULL, '{}'),
	(1651, 'property', NULL, '{}'),
	(1652, 'property', NULL, '{}'),
	(1653, 'property', NULL, '{}'),
	(1654, 'property', NULL, '{}'),
	(1655, 'property', NULL, '{}'),
	(1656, 'property', NULL, '{}'),
	(1657, 'property', NULL, '{}'),
	(1658, 'property', NULL, '{}'),
	(1659, 'property', NULL, '{}'),
	(1660, 'property', NULL, '{}'),
	(1661, 'property', NULL, '{}'),
	(1662, 'property', NULL, '{}'),
	(1663, 'property', NULL, '{}'),
	(1664, 'property', NULL, '{}'),
	(1665, 'property', NULL, '{}'),
	(1666, 'property', NULL, '{}'),
	(1667, 'property', NULL, '{}'),
	(1668, 'property', NULL, '{}'),
	(1669, 'property', NULL, '{}'),
	(1670, 'property', NULL, '{}'),
	(1671, 'property', NULL, '{}'),
	(1672, 'property', NULL, '{}'),
	(1673, 'property', NULL, '{}'),
	(1674, 'property', NULL, '{}'),
	(1675, 'property', NULL, '{}'),
	(1676, 'property', NULL, '{}'),
	(1677, 'property', NULL, '{}'),
	(1678, 'property', NULL, '{}'),
	(1679, 'property', NULL, '{}'),
	(1680, 'property', NULL, '{}'),
	(1681, 'property', NULL, '{}'),
	(1682, 'property', NULL, '{}'),
	(1683, 'property', NULL, '{}'),
	(1684, 'property', NULL, '{}'),
	(1685, 'property', NULL, '{}'),
	(1686, 'property', NULL, '{}'),
	(1687, 'property', NULL, '{}'),
	(1688, 'property', NULL, '{}'),
	(1689, 'property', NULL, '{}'),
	(1690, 'property', NULL, '{}'),
	(1691, 'property', NULL, '{}'),
	(1692, 'property', NULL, '{}'),
	(1693, 'property', NULL, '{}'),
	(1694, 'property', NULL, '{}'),
	(1695, 'property', NULL, '{}'),
	(1696, 'property', NULL, '{}'),
	(1697, 'property', NULL, '{}'),
	(1698, 'property', NULL, '{}'),
	(1699, 'property', NULL, '{}'),
	(1700, 'property', NULL, '{}'),
	(1701, 'property', NULL, '{}'),
	(1702, 'property', NULL, '{}'),
	(1703, 'property', NULL, '{}'),
	(1704, 'property', NULL, '{}'),
	(1705, 'property', NULL, '{}'),
	(1706, 'property', NULL, '{}'),
	(1707, 'property', NULL, '{}'),
	(1708, 'property', NULL, '{}'),
	(1709, 'property', NULL, '{}'),
	(1710, 'property', NULL, '{}'),
	(1711, 'property', NULL, '{}'),
	(1712, 'property', NULL, '{}');

-- Dump della struttura di tabella es_extended.fine_types
CREATE TABLE IF NOT EXISTS `fine_types` (
  `id` int(11) NOT NULL AUTO_INCREMENT,
  `label` varchar(255) DEFAULT NULL,
  `amount` int(11) DEFAULT NULL,
  `category` int(11) DEFAULT NULL,
  PRIMARY KEY (`id`)
) ENGINE=InnoDB AUTO_INCREMENT=53 DEFAULT CHARSET=utf8mb4 COLLATE=utf8mb4_general_ci;

-- Dump dei dati della tabella es_extended.fine_types: ~52 rows (circa)
INSERT INTO `fine_types` (`id`, `label`, `amount`, `category`) VALUES
	(1, 'Misuse of a horn', 30, 0),
	(2, 'Illegally Crossing a continuous Line', 40, 0),
	(3, 'Driving on the wrong side of the road', 250, 0),
	(4, 'Illegal U-Turn', 250, 0),
	(5, 'Illegally Driving Off-road', 170, 0),
	(6, 'Refusing a Lawful Command', 30, 0),
	(7, 'Illegally Stopping a Vehicle', 150, 0),
	(8, 'Illegal Parking', 70, 0),
	(9, 'Failing to Yield to the right', 70, 0),
	(10, 'Failure to comply with Vehicle Information', 90, 0),
	(11, 'Failing to stop at a Stop Sign ', 105, 0),
	(12, 'Failing to stop at a Red Light', 130, 0),
	(13, 'Illegal Passing', 100, 0),
	(14, 'Driving an illegal Vehicle', 100, 0),
	(15, 'Driving without a License', 1500, 0),
	(16, 'Hit and Run', 800, 0),
	(17, 'Exceeding Speeds Over < 5 mph', 90, 0),
	(18, 'Exceeding Speeds Over 5-15 mph', 120, 0),
	(19, 'Exceeding Speeds Over 15-30 mph', 180, 0),
	(20, 'Exceeding Speeds Over > 30 mph', 300, 0),
	(21, 'Impeding traffic flow', 110, 1),
	(22, 'Public Intoxication', 90, 1),
	(23, 'Disorderly conduct', 90, 1),
	(24, 'Obstruction of Justice', 130, 1),
	(25, 'Insults towards Civilans', 75, 1),
	(26, 'Disrespecting of an LEO', 110, 1),
	(27, 'Verbal Threat towards a Civilan', 90, 1),
	(28, 'Verbal Threat towards an LEO', 150, 1),
	(29, 'Providing False Information', 250, 1),
	(30, 'Attempt of Corruption', 1500, 1),
	(31, 'Brandishing a weapon in city Limits', 120, 2),
	(32, 'Brandishing a Lethal Weapon in city Limits', 300, 2),
	(33, 'No Firearms License', 600, 2),
	(34, 'Possession of an Illegal Weapon', 700, 2),
	(35, 'Possession of Burglary Tools', 300, 2),
	(36, 'Grand Theft Auto', 1800, 2),
	(37, 'Intent to Sell/Distrube of an illegal Substance', 1500, 2),
	(38, 'Frabrication of an Illegal Substance', 1500, 2),
	(39, 'Possession of an Illegal Substance ', 650, 2),
	(40, 'Kidnapping of a Civilan', 1500, 2),
	(41, 'Kidnapping of an LEO', 2000, 2),
	(42, 'Robbery', 650, 2),
	(43, 'Armed Robbery of a Store', 650, 2),
	(44, 'Armed Robbery of a Bank', 1500, 2),
	(45, 'Assault on a Civilian', 2000, 3),
	(46, 'Assault of an LEO', 2500, 3),
	(47, 'Attempt of Murder of a Civilian', 3000, 3),
	(48, 'Attempt of Murder of an LEO', 5000, 3),
	(49, 'Murder of a Civilian', 10000, 3),
	(50, 'Murder of an LEO', 30000, 3),
	(51, 'Involuntary manslaughter', 1800, 3),
	(52, 'Fraud', 2000, 2);

-- Dump della struttura di tabella es_extended.items
CREATE TABLE IF NOT EXISTS `items` (
  `name` varchar(50) NOT NULL,
  `label` varchar(50) NOT NULL,
  `weight` int(11) NOT NULL DEFAULT 1,
  `rare` tinyint(4) NOT NULL DEFAULT 0,
  `can_remove` tinyint(4) NOT NULL DEFAULT 1,
  PRIMARY KEY (`name`)
) ENGINE=InnoDB DEFAULT CHARSET=utf8mb4 COLLATE=utf8mb4_general_ci;

-- Dump dei dati della tabella es_extended.items: ~0 rows (circa)

-- Dump della struttura di tabella es_extended.jobs
CREATE TABLE IF NOT EXISTS `jobs` (
  `name` varchar(50) NOT NULL,
  `label` varchar(50) DEFAULT NULL,
  `whitelisted` tinyint(1) NOT NULL DEFAULT 0,
  PRIMARY KEY (`name`)
) ENGINE=InnoDB DEFAULT CHARSET=utf8mb4 COLLATE=utf8mb4_general_ci;

-- Dump dei dati della tabella es_extended.jobs: ~15 rows (circa)
INSERT INTO `jobs` (`name`, `label`, `whitelisted`) VALUES
	('ambulance', 'EMS', 1),
	('ammu', 'Armeria', 1),
	('baker', 'Panettiere', 1),
	('ballas', 'Ballas', 1),
	('cardealer', 'Cardealer', 1),
	('delivery', 'Delivery', 0),
	('driving', 'Driving School', 1),
	('dustman', 'Dustman', 1),
	('fisherman', 'Fisherman', 0),
	('import', 'Import', 1),
	('mechanic', 'Mechanic', 1),
	('police', 'LSPD', 1),
	('taxi', 'Taxi', 1),
	('unemployed', 'Unemployed', 0),
	('unicorn', 'Unicorn', 1);

-- Dump della struttura di tabella es_extended.job_grades
CREATE TABLE IF NOT EXISTS `job_grades` (
  `id` int(11) NOT NULL AUTO_INCREMENT,
  `job_name` varchar(50) DEFAULT NULL,
  `grade` int(11) NOT NULL,
  `name` varchar(50) NOT NULL,
  `label` varchar(50) NOT NULL,
  `salary` int(11) NOT NULL,
  `skin_male` longtext NOT NULL,
  `skin_female` longtext NOT NULL,
  PRIMARY KEY (`id`)
) ENGINE=InnoDB AUTO_INCREMENT=108 DEFAULT CHARSET=utf8mb4 COLLATE=utf8mb4_general_ci;

-- Dump dei dati della tabella es_extended.job_grades: ~66 rows (circa)
INSERT INTO `job_grades` (`id`, `job_name`, `grade`, `name`, `label`, `salary`, `skin_male`, `skin_female`) VALUES
	(1, 'unemployed', 0, 'unemployed', 'Unemployed', 200, '{}', '{}'),
	(2, 'police', 0, 'recruit', 'Recrue', 20, '{}', '{}'),
	(3, 'police', 1, 'officer', 'Officier', 40, '{}', '{}'),
	(4, 'police', 2, 'sergeant', 'Sergent', 60, '{}', '{}'),
	(5, 'police', 3, 'lieutenant', 'Lieutenant', 85, '{}', '{}'),
	(6, 'police', 4, 'boss', 'Commandant', 100, '{}', '{}'),
	(11, 'cardealer', 0, 'recruit', 'Recruit', 10, '{}', '{}'),
	(12, 'cardealer', 1, 'novice', 'Novice', 25, '{}', '{}'),
	(13, 'cardealer', 2, 'experienced', 'Experienced', 40, '{}', '{}'),
	(14, 'cardealer', 3, 'boss', 'Boss', 0, '{}', '{}'),
	(22, 'ambulance', 0, 'ambulance', 'Jr. EMT', 20, '{"tshirt_2":0,"hair_color_1":5,"glasses_2":3,"shoes":9,"torso_2":3,"hair_color_2":0,"pants_1":24,"glasses_1":4,"hair_1":2,"sex":0,"decals_2":0,"tshirt_1":15,"helmet_1":8,"helmet_2":0,"arms":92,"face":19,"decals_1":60,"torso_1":13,"hair_2":0,"skin":34,"pants_2":5}', '{"tshirt_2":3,"decals_2":0,"glasses":0,"hair_1":2,"torso_1":73,"shoes":1,"hair_color_2":0,"glasses_1":19,"skin":13,"face":6,"pants_2":5,"tshirt_1":75,"pants_1":37,"helmet_1":57,"torso_2":0,"arms":14,"sex":1,"glasses_2":0,"decals_1":0,"hair_2":0,"helmet_2":0,"hair_color_1":0}'),
	(23, 'ambulance', 1, 'doctor', 'EMT', 40, '{"tshirt_2":0,"hair_color_1":5,"glasses_2":3,"shoes":9,"torso_2":3,"hair_color_2":0,"pants_1":24,"glasses_1":4,"hair_1":2,"sex":0,"decals_2":0,"tshirt_1":15,"helmet_1":8,"helmet_2":0,"arms":92,"face":19,"decals_1":60,"torso_1":13,"hair_2":0,"skin":34,"pants_2":5}', '{"tshirt_2":3,"decals_2":0,"glasses":0,"hair_1":2,"torso_1":73,"shoes":1,"hair_color_2":0,"glasses_1":19,"skin":13,"face":6,"pants_2":5,"tshirt_1":75,"pants_1":37,"helmet_1":57,"torso_2":0,"arms":14,"sex":1,"glasses_2":0,"decals_1":0,"hair_2":0,"helmet_2":0,"hair_color_1":0}'),
	(24, 'ambulance', 2, 'chief_doctor', 'Sr. EMT', 60, '{"tshirt_2":0,"hair_color_1":5,"glasses_2":3,"shoes":9,"torso_2":3,"hair_color_2":0,"pants_1":24,"glasses_1":4,"hair_1":2,"sex":0,"decals_2":0,"tshirt_1":15,"helmet_1":8,"helmet_2":0,"arms":92,"face":19,"decals_1":60,"torso_1":13,"hair_2":0,"skin":34,"pants_2":5}', '{"tshirt_2":3,"decals_2":0,"glasses":0,"hair_1":2,"torso_1":73,"shoes":1,"hair_color_2":0,"glasses_1":19,"skin":13,"face":6,"pants_2":5,"tshirt_1":75,"pants_1":37,"helmet_1":57,"torso_2":0,"arms":14,"sex":1,"glasses_2":0,"decals_1":0,"hair_2":0,"helmet_2":0,"hair_color_1":0}'),
	(25, 'ambulance', 3, 'boss', 'EMT Supervisor', 80, '{"tshirt_2":0,"hair_color_1":5,"glasses_2":3,"shoes":9,"torso_2":3,"hair_color_2":0,"pants_1":24,"glasses_1":4,"hair_1":2,"sex":0,"decals_2":0,"tshirt_1":15,"helmet_1":8,"helmet_2":0,"arms":92,"face":19,"decals_1":60,"torso_1":13,"hair_2":0,"skin":34,"pants_2":5}', '{"tshirt_2":3,"decals_2":0,"glasses":0,"hair_1":2,"torso_1":73,"shoes":1,"hair_color_2":0,"glasses_1":19,"skin":13,"face":6,"pants_2":5,"tshirt_1":75,"pants_1":37,"helmet_1":57,"torso_2":0,"arms":14,"sex":1,"glasses_2":0,"decals_1":0,"hair_2":0,"helmet_2":0,"hair_color_1":0}'),
	(26, 'mechanic', 0, 'recrue', 'Recruit', 90, '{}', '{}'),
	(27, 'mechanic', 1, 'novice', 'Novice', 24, '{}', '{}'),
	(28, 'mechanic', 2, 'experimente', 'Experienced', 36, '{}', '{}'),
	(29, 'mechanic', 3, 'chief', 'Leader', 10, '{}', '{}'),
	(30, 'mechanic', 4, 'boss', 'Boss', 100, '{}', '{}'),
	(31, 'taxi', 0, 'recrue', 'Recruit', 12, '{"hair_2":0,"hair_color_2":0,"torso_1":32,"bags_1":0,"helmet_2":0,"chain_2":0,"eyebrows_3":0,"makeup_3":0,"makeup_2":0,"tshirt_1":31,"makeup_1":0,"bags_2":0,"makeup_4":0,"eyebrows_4":0,"chain_1":0,"lipstick_4":0,"bproof_2":0,"hair_color_1":0,"decals_2":0,"pants_2":0,"age_2":0,"glasses_2":0,"ears_2":0,"arms":27,"lipstick_1":0,"ears_1":-1,"mask_2":0,"sex":0,"lipstick_3":0,"helmet_1":-1,"shoes_2":0,"beard_2":0,"beard_1":0,"lipstick_2":0,"beard_4":0,"glasses_1":0,"bproof_1":0,"mask_1":0,"decals_1":1,"hair_1":0,"eyebrows_2":0,"beard_3":0,"age_1":0,"tshirt_2":0,"skin":0,"torso_2":0,"eyebrows_1":0,"face":0,"shoes_1":10,"pants_1":24}', '{"hair_2":0,"hair_color_2":0,"torso_1":57,"bags_1":0,"helmet_2":0,"chain_2":0,"eyebrows_3":0,"makeup_3":0,"makeup_2":0,"tshirt_1":38,"makeup_1":0,"bags_2":0,"makeup_4":0,"eyebrows_4":0,"chain_1":0,"lipstick_4":0,"bproof_2":0,"hair_color_1":0,"decals_2":0,"pants_2":1,"age_2":0,"glasses_2":0,"ears_2":0,"arms":21,"lipstick_1":0,"ears_1":-1,"mask_2":0,"sex":1,"lipstick_3":0,"helmet_1":-1,"shoes_2":0,"beard_2":0,"beard_1":0,"lipstick_2":0,"beard_4":0,"glasses_1":5,"bproof_1":0,"mask_1":0,"decals_1":1,"hair_1":0,"eyebrows_2":0,"beard_3":0,"age_1":0,"tshirt_2":0,"skin":0,"torso_2":0,"eyebrows_1":0,"face":0,"shoes_1":49,"pants_1":11}'),
	(32, 'taxi', 1, 'novice', 'Cabby', 24, '{"hair_2":0,"hair_color_2":0,"torso_1":32,"bags_1":0,"helmet_2":0,"chain_2":0,"eyebrows_3":0,"makeup_3":0,"makeup_2":0,"tshirt_1":31,"makeup_1":0,"bags_2":0,"makeup_4":0,"eyebrows_4":0,"chain_1":0,"lipstick_4":0,"bproof_2":0,"hair_color_1":0,"decals_2":0,"pants_2":0,"age_2":0,"glasses_2":0,"ears_2":0,"arms":27,"lipstick_1":0,"ears_1":-1,"mask_2":0,"sex":0,"lipstick_3":0,"helmet_1":-1,"shoes_2":0,"beard_2":0,"beard_1":0,"lipstick_2":0,"beard_4":0,"glasses_1":0,"bproof_1":0,"mask_1":0,"decals_1":1,"hair_1":0,"eyebrows_2":0,"beard_3":0,"age_1":0,"tshirt_2":0,"skin":0,"torso_2":0,"eyebrows_1":0,"face":0,"shoes_1":10,"pants_1":24}', '{"hair_2":0,"hair_color_2":0,"torso_1":57,"bags_1":0,"helmet_2":0,"chain_2":0,"eyebrows_3":0,"makeup_3":0,"makeup_2":0,"tshirt_1":38,"makeup_1":0,"bags_2":0,"makeup_4":0,"eyebrows_4":0,"chain_1":0,"lipstick_4":0,"bproof_2":0,"hair_color_1":0,"decals_2":0,"pants_2":1,"age_2":0,"glasses_2":0,"ears_2":0,"arms":21,"lipstick_1":0,"ears_1":-1,"mask_2":0,"sex":1,"lipstick_3":0,"helmet_1":-1,"shoes_2":0,"beard_2":0,"beard_1":0,"lipstick_2":0,"beard_4":0,"glasses_1":5,"bproof_1":0,"mask_1":0,"decals_1":1,"hair_1":0,"eyebrows_2":0,"beard_3":0,"age_1":0,"tshirt_2":0,"skin":0,"torso_2":0,"eyebrows_1":0,"face":0,"shoes_1":49,"pants_1":11}'),
	(33, 'taxi', 2, 'experimente', 'Experienced', 36, '{"hair_2":0,"hair_color_2":0,"torso_1":26,"bags_1":0,"helmet_2":0,"chain_2":0,"eyebrows_3":0,"makeup_3":0,"makeup_2":0,"tshirt_1":57,"makeup_1":0,"bags_2":0,"makeup_4":0,"eyebrows_4":0,"chain_1":0,"lipstick_4":0,"bproof_2":0,"hair_color_1":0,"decals_2":0,"pants_2":4,"age_2":0,"glasses_2":0,"ears_2":0,"arms":11,"lipstick_1":0,"ears_1":-1,"mask_2":0,"sex":0,"lipstick_3":0,"helmet_1":-1,"shoes_2":0,"beard_2":0,"beard_1":0,"lipstick_2":0,"beard_4":0,"glasses_1":0,"bproof_1":0,"mask_1":0,"decals_1":0,"hair_1":0,"eyebrows_2":0,"beard_3":0,"age_1":0,"tshirt_2":0,"skin":0,"torso_2":0,"eyebrows_1":0,"face":0,"shoes_1":10,"pants_1":24}', '{"hair_2":0,"hair_color_2":0,"torso_1":57,"bags_1":0,"helmet_2":0,"chain_2":0,"eyebrows_3":0,"makeup_3":0,"makeup_2":0,"tshirt_1":38,"makeup_1":0,"bags_2":0,"makeup_4":0,"eyebrows_4":0,"chain_1":0,"lipstick_4":0,"bproof_2":0,"hair_color_1":0,"decals_2":0,"pants_2":1,"age_2":0,"glasses_2":0,"ears_2":0,"arms":21,"lipstick_1":0,"ears_1":-1,"mask_2":0,"sex":1,"lipstick_3":0,"helmet_1":-1,"shoes_2":0,"beard_2":0,"beard_1":0,"lipstick_2":0,"beard_4":0,"glasses_1":5,"bproof_1":0,"mask_1":0,"decals_1":1,"hair_1":0,"eyebrows_2":0,"beard_3":0,"age_1":0,"tshirt_2":0,"skin":0,"torso_2":0,"eyebrows_1":0,"face":0,"shoes_1":49,"pants_1":11}'),
	(34, 'taxi', 3, 'uber', 'Uber Cabby', 48, '{"hair_2":0,"hair_color_2":0,"torso_1":26,"bags_1":0,"helmet_2":0,"chain_2":0,"eyebrows_3":0,"makeup_3":0,"makeup_2":0,"tshirt_1":57,"makeup_1":0,"bags_2":0,"makeup_4":0,"eyebrows_4":0,"chain_1":0,"lipstick_4":0,"bproof_2":0,"hair_color_1":0,"decals_2":0,"pants_2":4,"age_2":0,"glasses_2":0,"ears_2":0,"arms":11,"lipstick_1":0,"ears_1":-1,"mask_2":0,"sex":0,"lipstick_3":0,"helmet_1":-1,"shoes_2":0,"beard_2":0,"beard_1":0,"lipstick_2":0,"beard_4":0,"glasses_1":0,"bproof_1":0,"mask_1":0,"decals_1":0,"hair_1":0,"eyebrows_2":0,"beard_3":0,"age_1":0,"tshirt_2":0,"skin":0,"torso_2":0,"eyebrows_1":0,"face":0,"shoes_1":10,"pants_1":24}', '{"hair_2":0,"hair_color_2":0,"torso_1":57,"bags_1":0,"helmet_2":0,"chain_2":0,"eyebrows_3":0,"makeup_3":0,"makeup_2":0,"tshirt_1":38,"makeup_1":0,"bags_2":0,"makeup_4":0,"eyebrows_4":0,"chain_1":0,"lipstick_4":0,"bproof_2":0,"hair_color_1":0,"decals_2":0,"pants_2":1,"age_2":0,"glasses_2":0,"ears_2":0,"arms":21,"lipstick_1":0,"ears_1":-1,"mask_2":0,"sex":1,"lipstick_3":0,"helmet_1":-1,"shoes_2":0,"beard_2":0,"beard_1":0,"lipstick_2":0,"beard_4":0,"glasses_1":5,"bproof_1":0,"mask_1":0,"decals_1":1,"hair_1":0,"eyebrows_2":0,"beard_3":0,"age_1":0,"tshirt_2":0,"skin":0,"torso_2":0,"eyebrows_1":0,"face":0,"shoes_1":49,"pants_1":11}'),
	(35, 'taxi', 4, 'boss', 'Lead Cabby', 0, '{"hair_2":0,"hair_color_2":0,"torso_1":29,"bags_1":0,"helmet_2":0,"chain_2":0,"eyebrows_3":0,"makeup_3":0,"makeup_2":0,"tshirt_1":31,"makeup_1":0,"bags_2":0,"makeup_4":0,"eyebrows_4":0,"chain_1":0,"lipstick_4":0,"bproof_2":0,"hair_color_1":0,"decals_2":0,"pants_2":4,"age_2":0,"glasses_2":0,"ears_2":0,"arms":1,"lipstick_1":0,"ears_1":-1,"mask_2":0,"sex":0,"lipstick_3":0,"helmet_1":-1,"shoes_2":0,"beard_2":0,"beard_1":0,"lipstick_2":0,"beard_4":0,"glasses_1":0,"bproof_1":0,"mask_1":0,"decals_1":0,"hair_1":0,"eyebrows_2":0,"beard_3":0,"age_1":0,"tshirt_2":0,"skin":0,"torso_2":4,"eyebrows_1":0,"face":0,"shoes_1":10,"pants_1":24}', '{"hair_2":0,"hair_color_2":0,"torso_1":57,"bags_1":0,"helmet_2":0,"chain_2":0,"eyebrows_3":0,"makeup_3":0,"makeup_2":0,"tshirt_1":38,"makeup_1":0,"bags_2":0,"makeup_4":0,"eyebrows_4":0,"chain_1":0,"lipstick_4":0,"bproof_2":0,"hair_color_1":0,"decals_2":0,"pants_2":1,"age_2":0,"glasses_2":0,"ears_2":0,"arms":21,"lipstick_1":0,"ears_1":-1,"mask_2":0,"sex":1,"lipstick_3":0,"helmet_1":-1,"shoes_2":0,"beard_2":0,"beard_1":0,"lipstick_2":0,"beard_4":0,"glasses_1":5,"bproof_1":0,"mask_1":0,"decals_1":1,"hair_1":0,"eyebrows_2":0,"beard_3":0,"age_1":0,"tshirt_2":0,"skin":0,"torso_2":0,"eyebrows_1":0,"face":0,"shoes_1":49,"pants_1":11}'),
	(46, 'import', 0, 'ontrial', 'in prova', 1, '{"hair_2":0,"hair_color_2":0,"torso_1":32,"bags_1":0,"helmet_2":0,"chain_2":0,"eyebrows_3":0,"makeup_3":0,"makeup_2":0,"tshirt_1":31,"makeup_1":0,"bags_2":0,"makeup_4":0,"eyebrows_4":0,"chain_1":0,"lipstick_4":0,"bproof_2":0,"hair_color_1":0,"decals_2":0,"pants_2":0,"age_2":0,"glasses_2":0,"ears_2":0,"arms":27,"lipstick_1":0,"ears_1":-1,"mask_2":0,"sex":0,"lipstick_3":0,"helmet_1":-1,"shoes_2":0,"beard_2":0,"beard_1":0,"lipstick_2":0,"beard_4":0,"glasses_1":0,"bproof_1":0,"mask_1":0,"decals_1":1,"hair_1":0,"eyebrows_2":0,"beard_3":0,"age_1":0,"tshirt_2":0,"skin":0,"torso_2":0,"eyebrows_1":0,"face":0,"shoes_1":10,"pants_1":24}', '{"hair_2":0,"hair_color_2":0,"torso_1":57,"bags_1":0,"helmet_2":0,"chain_2":0,"eyebrows_3":0,"makeup_3":0,"makeup_2":0,"tshirt_1":38,"makeup_1":0,"bags_2":0,"makeup_4":0,"eyebrows_4":0,"chain_1":0,"lipstick_4":0,"bproof_2":0,"hair_color_1":0,"decals_2":0,"pants_2":1,"age_2":0,"glasses_2":0,"ears_2":0,"arms":21,"lipstick_1":0,"ears_1":-1,"mask_2":0,"sex":1,"lipstick_3":0,"helmet_1":-1,"shoes_2":0,"beard_2":0,"beard_1":0,"lipstick_2":0,"beard_4":0,"glasses_1":5,"bproof_1":0,"mask_1":0,"decals_1":1,"hair_1":0,"eyebrows_2":0,"beard_3":0,"age_1":0,"tshirt_2":0,"skin":0,"torso_2":0,"eyebrows_1":0,"face":0,"shoes_1":49,"pants_1":11}'),
	(47, 'import', 1, 'employee', 'dipendente', 24, '{"hair_2":0,"hair_color_2":0,"torso_1":32,"bags_1":0,"helmet_2":0,"chain_2":0,"eyebrows_3":0,"makeup_3":0,"makeup_2":0,"tshirt_1":31,"makeup_1":0,"bags_2":0,"makeup_4":0,"eyebrows_4":0,"chain_1":0,"lipstick_4":0,"bproof_2":0,"hair_color_1":0,"decals_2":0,"pants_2":0,"age_2":0,"glasses_2":0,"ears_2":0,"arms":27,"lipstick_1":0,"ears_1":-1,"mask_2":0,"sex":0,"lipstick_3":0,"helmet_1":-1,"shoes_2":0,"beard_2":0,"beard_1":0,"lipstick_2":0,"beard_4":0,"glasses_1":0,"bproof_1":0,"mask_1":0,"decals_1":1,"hair_1":0,"eyebrows_2":0,"beard_3":0,"age_1":0,"tshirt_2":0,"skin":0,"torso_2":0,"eyebrows_1":0,"face":0,"shoes_1":10,"pants_1":24}', '{"hair_2":0,"hair_color_2":0,"torso_1":57,"bags_1":0,"helmet_2":0,"chain_2":0,"eyebrows_3":0,"makeup_3":0,"makeup_2":0,"tshirt_1":38,"makeup_1":0,"bags_2":0,"makeup_4":0,"eyebrows_4":0,"chain_1":0,"lipstick_4":0,"bproof_2":0,"hair_color_1":0,"decals_2":0,"pants_2":1,"age_2":0,"glasses_2":0,"ears_2":0,"arms":21,"lipstick_1":0,"ears_1":-1,"mask_2":0,"sex":1,"lipstick_3":0,"helmet_1":-1,"shoes_2":0,"beard_2":0,"beard_1":0,"lipstick_2":0,"beard_4":0,"glasses_1":5,"bproof_1":0,"mask_1":0,"decals_1":1,"hair_1":0,"eyebrows_2":0,"beard_3":0,"age_1":0,"tshirt_2":0,"skin":0,"torso_2":0,"eyebrows_1":0,"face":0,"shoes_1":49,"pants_1":11}'),
	(48, 'import', 2, 'driver', 'autista', 36, '{"hair_2":0,"hair_color_2":0,"torso_1":26,"bags_1":0,"helmet_2":0,"chain_2":0,"eyebrows_3":0,"makeup_3":0,"makeup_2":0,"tshirt_1":57,"makeup_1":0,"bags_2":0,"makeup_4":0,"eyebrows_4":0,"chain_1":0,"lipstick_4":0,"bproof_2":0,"hair_color_1":0,"decals_2":0,"pants_2":4,"age_2":0,"glasses_2":0,"ears_2":0,"arms":11,"lipstick_1":0,"ears_1":-1,"mask_2":0,"sex":0,"lipstick_3":0,"helmet_1":-1,"shoes_2":0,"beard_2":0,"beard_1":0,"lipstick_2":0,"beard_4":0,"glasses_1":0,"bproof_1":0,"mask_1":0,"decals_1":0,"hair_1":0,"eyebrows_2":0,"beard_3":0,"age_1":0,"tshirt_2":0,"skin":0,"torso_2":0,"eyebrows_1":0,"face":0,"shoes_1":10,"pants_1":24}', '{"hair_2":0,"hair_color_2":0,"torso_1":57,"bags_1":0,"helmet_2":0,"chain_2":0,"eyebrows_3":0,"makeup_3":0,"makeup_2":0,"tshirt_1":38,"makeup_1":0,"bags_2":0,"makeup_4":0,"eyebrows_4":0,"chain_1":0,"lipstick_4":0,"bproof_2":0,"hair_color_1":0,"decals_2":0,"pants_2":1,"age_2":0,"glasses_2":0,"ears_2":0,"arms":21,"lipstick_1":0,"ears_1":-1,"mask_2":0,"sex":1,"lipstick_3":0,"helmet_1":-1,"shoes_2":0,"beard_2":0,"beard_1":0,"lipstick_2":0,"beard_4":0,"glasses_1":5,"bproof_1":0,"mask_1":0,"decals_1":1,"hair_1":0,"eyebrows_2":0,"beard_3":0,"age_1":0,"tshirt_2":0,"skin":0,"torso_2":0,"eyebrows_1":0,"face":0,"shoes_1":49,"pants_1":11}'),
	(49, 'import', 3, 'responsible', 'responsabile', 48, '{"hair_2":0,"hair_color_2":0,"torso_1":26,"bags_1":0,"helmet_2":0,"chain_2":0,"eyebrows_3":0,"makeup_3":0,"makeup_2":0,"tshirt_1":57,"makeup_1":0,"bags_2":0,"makeup_4":0,"eyebrows_4":0,"chain_1":0,"lipstick_4":0,"bproof_2":0,"hair_color_1":0,"decals_2":0,"pants_2":4,"age_2":0,"glasses_2":0,"ears_2":0,"arms":11,"lipstick_1":0,"ears_1":-1,"mask_2":0,"sex":0,"lipstick_3":0,"helmet_1":-1,"shoes_2":0,"beard_2":0,"beard_1":0,"lipstick_2":0,"beard_4":0,"glasses_1":0,"bproof_1":0,"mask_1":0,"decals_1":0,"hair_1":0,"eyebrows_2":0,"beard_3":0,"age_1":0,"tshirt_2":0,"skin":0,"torso_2":0,"eyebrows_1":0,"face":0,"shoes_1":10,"pants_1":24}', '{"hair_2":0,"hair_color_2":0,"torso_1":57,"bags_1":0,"helmet_2":0,"chain_2":0,"eyebrows_3":0,"makeup_3":0,"makeup_2":0,"tshirt_1":38,"makeup_1":0,"bags_2":0,"makeup_4":0,"eyebrows_4":0,"chain_1":0,"lipstick_4":0,"bproof_2":0,"hair_color_1":0,"decals_2":0,"pants_2":1,"age_2":0,"glasses_2":0,"ears_2":0,"arms":21,"lipstick_1":0,"ears_1":-1,"mask_2":0,"sex":1,"lipstick_3":0,"helmet_1":-1,"shoes_2":0,"beard_2":0,"beard_1":0,"lipstick_2":0,"beard_4":0,"glasses_1":5,"bproof_1":0,"mask_1":0,"decals_1":1,"hair_1":0,"eyebrows_2":0,"beard_3":0,"age_1":0,"tshirt_2":0,"skin":0,"torso_2":0,"eyebrows_1":0,"face":0,"shoes_1":49,"pants_1":11}'),
	(50, 'import', 4, 'boss', 'direttore', 100, '{"hair_2":0,"hair_color_2":0,"torso_1":29,"bags_1":0,"helmet_2":0,"chain_2":0,"eyebrows_3":0,"makeup_3":0,"makeup_2":0,"tshirt_1":31,"makeup_1":0,"bags_2":0,"makeup_4":0,"eyebrows_4":0,"chain_1":0,"lipstick_4":0,"bproof_2":0,"hair_color_1":0,"decals_2":0,"pants_2":4,"age_2":0,"glasses_2":0,"ears_2":0,"arms":1,"lipstick_1":0,"ears_1":-1,"mask_2":0,"sex":0,"lipstick_3":0,"helmet_1":-1,"shoes_2":0,"beard_2":0,"beard_1":0,"lipstick_2":0,"beard_4":0,"glasses_1":0,"bproof_1":0,"mask_1":0,"decals_1":0,"hair_1":0,"eyebrows_2":0,"beard_3":0,"age_1":0,"tshirt_2":0,"skin":0,"torso_2":4,"eyebrows_1":0,"face":0,"shoes_1":10,"pants_1":24}', '{"hair_2":0,"hair_color_2":0,"torso_1":57,"bags_1":0,"helmet_2":0,"chain_2":0,"eyebrows_3":0,"makeup_3":0,"makeup_2":0,"tshirt_1":38,"makeup_1":0,"bags_2":0,"makeup_4":0,"eyebrows_4":0,"chain_1":0,"lipstick_4":0,"bproof_2":0,"hair_color_1":0,"decals_2":0,"pants_2":1,"age_2":0,"glasses_2":0,"ears_2":0,"arms":21,"lipstick_1":0,"ears_1":-1,"mask_2":0,"sex":1,"lipstick_3":0,"helmet_1":-1,"shoes_2":0,"beard_2":0,"beard_1":0,"lipstick_2":0,"beard_4":0,"glasses_1":5,"bproof_1":0,"mask_1":0,"decals_1":1,"hair_1":0,"eyebrows_2":0,"beard_3":0,"age_1":0,"tshirt_2":0,"skin":0,"torso_2":0,"eyebrows_1":0,"face":0,"shoes_1":49,"pants_1":11}'),
	(53, 'ammu', 0, 'apprentice', 'Apprendista', 20, '{}', '{}'),
	(54, 'ammu', 1, 'gunsmith', 'Armaiolo', 40, '{}', '{}'),
	(55, 'ammu', 2, 'armorychief', 'Capo Armeria', 60, '{}', '{}'),
	(56, 'ammu', 3, 'deputydirector', 'Vice direttore', 85, '{}', '{}'),
	(57, 'ammu', 4, 'boss', 'Direttore', 100, '{}', '{}'),
	(62, 'dustman', 0, 'ontrial', 'in prova', 12, '{"hair_2":0,"hair_1":11,"cheeks_3":0,"hair_color_1":2,"complexion_1":0,"hair_color_2":0,"chin_2":0,"chain_1":0,"arms":16,"watches_2":0,"eye_color":0,"age_1":0,"blush_3":0,"nose_1":-5,"moles_2":0,"glasses_1":0,"chin_3":0,"bags_1":0,"pants_1":27,"chin_4":0,"blush_2":0,"ears_2":0,"chest_3":0,"decals_2":0,"bodyb_4":0,"sun_1":0,"watches_1":-1,"bodyb_1":-1,"lipstick_2":0,"sex":0,"bodyb_3":-1,"helmet_1":-1,"glasses_2":0,"lipstick_3":0,"mask_1":0,"blemishes_2":0,"eyebrows_5":0,"blush_1":0,"makeup_3":0,"bproof_1":0,"age_2":0,"arms_2":0,"beard_2":10,"cheeks_1":0,"tshirt_2":1,"chest_1":0,"eyebrows_2":0,"beard_4":9,"eyebrows_1":0,"decals_1":0,"lipstick_4":0,"mask_2":0,"chain_2":0,"eyebrows_3":0,"eyebrows_6":0,"face_md_weight":61,"chest_2":0,"makeup_4":0,"bproof_2":0,"nose_4":8,"helmet_2":0,"jaw_1":0,"bags_2":0,"eyebrows_4":0,"skin_md_weight":27,"cheeks_2":0,"nose_5":10,"nose_3":5,"bodyb_2":0,"complexion_2":0,"eye_squint":0,"dad":0,"ears_1":-1,"chin_1":0,"bracelets_1":-1,"nose_6":0,"pants_2":8,"shoes_2":0,"torso_1":3,"jaw_2":0,"neck_thickness":0,"shoes_1":24,"bracelets_2":0,"moles_1":0,"blemishes_1":0,"beard_1":10,"sun_2":0,"makeup_2":0,"lip_thickness":0,"tshirt_1":59,"beard_3":2,"torso_2":0,"makeup_1":0,"lipstick_1":0,"mom":21,"nose_2":6,"chin_13":0}', '{"hair_2":0,"hair_color_2":0,"torso_1":57,"bags_1":0,"helmet_2":0,"chain_2":0,"eyebrows_3":0,"makeup_3":0,"makeup_2":0,"tshirt_1":38,"makeup_1":0,"bags_2":0,"makeup_4":0,"eyebrows_4":0,"chain_1":0,"lipstick_4":0,"bproof_2":0,"hair_color_1":0,"decals_2":0,"pants_2":1,"age_2":0,"glasses_2":0,"ears_2":0,"arms":21,"lipstick_1":0,"ears_1":-1,"mask_2":0,"sex":1,"lipstick_3":0,"helmet_1":-1,"shoes_2":0,"beard_2":0,"beard_1":0,"lipstick_2":0,"beard_4":0,"glasses_1":5,"bproof_1":0,"mask_1":0,"decals_1":1,"hair_1":0,"eyebrows_2":0,"beard_3":0,"age_1":0,"tshirt_2":0,"skin":0,"torso_2":0,"eyebrows_1":0,"face":0,"shoes_1":49,"pants_1":11}'),
	(63, 'dustman', 1, 'employee', 'dipendente', 24, '{"hair_2":0,"hair_1":11,"cheeks_3":0,"hair_color_1":2,"complexion_1":0,"hair_color_2":0,"chin_2":0,"chain_1":0,"arms":16,"watches_2":0,"eye_color":0,"age_1":0,"blush_3":0,"nose_1":-5,"moles_2":0,"glasses_1":0,"chin_3":0,"bags_1":0,"pants_1":27,"chin_4":0,"blush_2":0,"ears_2":0,"chest_3":0,"decals_2":0,"bodyb_4":0,"sun_1":0,"watches_1":-1,"bodyb_1":-1,"lipstick_2":0,"sex":0,"bodyb_3":-1,"helmet_1":-1,"glasses_2":0,"lipstick_3":0,"mask_1":0,"blemishes_2":0,"eyebrows_5":0,"blush_1":0,"makeup_3":0,"bproof_1":0,"age_2":0,"arms_2":0,"beard_2":10,"cheeks_1":0,"tshirt_2":1,"chest_1":0,"eyebrows_2":0,"beard_4":9,"eyebrows_1":0,"decals_1":0,"lipstick_4":0,"mask_2":0,"chain_2":0,"eyebrows_3":0,"eyebrows_6":0,"face_md_weight":61,"chest_2":0,"makeup_4":0,"bproof_2":0,"nose_4":8,"helmet_2":0,"jaw_1":0,"bags_2":0,"eyebrows_4":0,"skin_md_weight":27,"cheeks_2":0,"nose_5":10,"nose_3":5,"bodyb_2":0,"complexion_2":0,"eye_squint":0,"dad":0,"ears_1":-1,"chin_1":0,"bracelets_1":-1,"nose_6":0,"pants_2":8,"shoes_2":0,"torso_1":3,"jaw_2":0,"neck_thickness":0,"shoes_1":24,"bracelets_2":0,"moles_1":0,"blemishes_1":0,"beard_1":10,"sun_2":0,"makeup_2":0,"lip_thickness":0,"tshirt_1":59,"beard_3":2,"torso_2":0,"makeup_1":0,"lipstick_1":0,"mom":21,"nose_2":6,"chin_13":0}', '{"hair_2":0,"hair_color_2":0,"torso_1":57,"bags_1":0,"helmet_2":0,"chain_2":0,"eyebrows_3":0,"makeup_3":0,"makeup_2":0,"tshirt_1":38,"makeup_1":0,"bags_2":0,"makeup_4":0,"eyebrows_4":0,"chain_1":0,"lipstick_4":0,"bproof_2":0,"hair_color_1":0,"decals_2":0,"pants_2":1,"age_2":0,"glasses_2":0,"ears_2":0,"arms":21,"lipstick_1":0,"ears_1":-1,"mask_2":0,"sex":1,"lipstick_3":0,"helmet_1":-1,"shoes_2":0,"beard_2":0,"beard_1":0,"lipstick_2":0,"beard_4":0,"glasses_1":5,"bproof_1":0,"mask_1":0,"decals_1":1,"hair_1":0,"eyebrows_2":0,"beard_3":0,"age_1":0,"tshirt_2":0,"skin":0,"torso_2":0,"eyebrows_1":0,"face":0,"shoes_1":49,"pants_1":11}'),
	(64, 'dustman', 2, 'driver', 'autista', 36, '{"hair_2":0,"hair_1":11,"cheeks_3":0,"hair_color_1":2,"complexion_1":0,"hair_color_2":0,"chin_2":0,"chain_1":0,"arms":16,"watches_2":0,"eye_color":0,"age_1":0,"blush_3":0,"nose_1":-5,"moles_2":0,"glasses_1":0,"chin_3":0,"bags_1":0,"pants_1":27,"chin_4":0,"blush_2":0,"ears_2":0,"chest_3":0,"decals_2":0,"bodyb_4":0,"sun_1":0,"watches_1":-1,"bodyb_1":-1,"lipstick_2":0,"sex":0,"bodyb_3":-1,"helmet_1":-1,"glasses_2":0,"lipstick_3":0,"mask_1":0,"blemishes_2":0,"eyebrows_5":0,"blush_1":0,"makeup_3":0,"bproof_1":0,"age_2":0,"arms_2":0,"beard_2":10,"cheeks_1":0,"tshirt_2":1,"chest_1":0,"eyebrows_2":0,"beard_4":9,"eyebrows_1":0,"decals_1":0,"lipstick_4":0,"mask_2":0,"chain_2":0,"eyebrows_3":0,"eyebrows_6":0,"face_md_weight":61,"chest_2":0,"makeup_4":0,"bproof_2":0,"nose_4":8,"helmet_2":0,"jaw_1":0,"bags_2":0,"eyebrows_4":0,"skin_md_weight":27,"cheeks_2":0,"nose_5":10,"nose_3":5,"bodyb_2":0,"complexion_2":0,"eye_squint":0,"dad":0,"ears_1":-1,"chin_1":0,"bracelets_1":-1,"nose_6":0,"pants_2":8,"shoes_2":0,"torso_1":3,"jaw_2":0,"neck_thickness":0,"shoes_1":24,"bracelets_2":0,"moles_1":0,"blemishes_1":0,"beard_1":10,"sun_2":0,"makeup_2":0,"lip_thickness":0,"tshirt_1":59,"beard_3":2,"torso_2":0,"makeup_1":0,"lipstick_1":0,"mom":21,"nose_2":6,"chin_13":0}', '{"hair_2":0,"hair_color_2":0,"torso_1":57,"bags_1":0,"helmet_2":0,"chain_2":0,"eyebrows_3":0,"makeup_3":0,"makeup_2":0,"tshirt_1":38,"makeup_1":0,"bags_2":0,"makeup_4":0,"eyebrows_4":0,"chain_1":0,"lipstick_4":0,"bproof_2":0,"hair_color_1":0,"decals_2":0,"pants_2":1,"age_2":0,"glasses_2":0,"ears_2":0,"arms":21,"lipstick_1":0,"ears_1":-1,"mask_2":0,"sex":1,"lipstick_3":0,"helmet_1":-1,"shoes_2":0,"beard_2":0,"beard_1":0,"lipstick_2":0,"beard_4":0,"glasses_1":5,"bproof_1":0,"mask_1":0,"decals_1":1,"hair_1":0,"eyebrows_2":0,"beard_3":0,"age_1":0,"tshirt_2":0,"skin":0,"torso_2":0,"eyebrows_1":0,"face":0,"shoes_1":49,"pants_1":11}'),
	(65, 'dustman', 3, 'responsible', 'responsabile', 48, '{"hair_2":0,"hair_1":11,"cheeks_3":0,"hair_color_1":2,"complexion_1":0,"hair_color_2":0,"chin_2":0,"chain_1":0,"arms":16,"watches_2":0,"eye_color":0,"age_1":0,"blush_3":0,"nose_1":-5,"moles_2":0,"glasses_1":0,"chin_3":0,"bags_1":0,"pants_1":27,"chin_4":0,"blush_2":0,"ears_2":0,"chest_3":0,"decals_2":0,"bodyb_4":0,"sun_1":0,"watches_1":-1,"bodyb_1":-1,"lipstick_2":0,"sex":0,"bodyb_3":-1,"helmet_1":-1,"glasses_2":0,"lipstick_3":0,"mask_1":0,"blemishes_2":0,"eyebrows_5":0,"blush_1":0,"makeup_3":0,"bproof_1":0,"age_2":0,"arms_2":0,"beard_2":10,"cheeks_1":0,"tshirt_2":1,"chest_1":0,"eyebrows_2":0,"beard_4":9,"eyebrows_1":0,"decals_1":0,"lipstick_4":0,"mask_2":0,"chain_2":0,"eyebrows_3":0,"eyebrows_6":0,"face_md_weight":61,"chest_2":0,"makeup_4":0,"bproof_2":0,"nose_4":8,"helmet_2":0,"jaw_1":0,"bags_2":0,"eyebrows_4":0,"skin_md_weight":27,"cheeks_2":0,"nose_5":10,"nose_3":5,"bodyb_2":0,"complexion_2":0,"eye_squint":0,"dad":0,"ears_1":-1,"chin_1":0,"bracelets_1":-1,"nose_6":0,"pants_2":8,"shoes_2":0,"torso_1":3,"jaw_2":0,"neck_thickness":0,"shoes_1":24,"bracelets_2":0,"moles_1":0,"blemishes_1":0,"beard_1":10,"sun_2":0,"makeup_2":0,"lip_thickness":0,"tshirt_1":59,"beard_3":2,"torso_2":0,"makeup_1":0,"lipstick_1":0,"mom":21,"nose_2":6,"chin_13":0}', '{"hair_2":0,"hair_color_2":0,"torso_1":57,"bags_1":0,"helmet_2":0,"chain_2":0,"eyebrows_3":0,"makeup_3":0,"makeup_2":0,"tshirt_1":38,"makeup_1":0,"bags_2":0,"makeup_4":0,"eyebrows_4":0,"chain_1":0,"lipstick_4":0,"bproof_2":0,"hair_color_1":0,"decals_2":0,"pants_2":1,"age_2":0,"glasses_2":0,"ears_2":0,"arms":21,"lipstick_1":0,"ears_1":-1,"mask_2":0,"sex":1,"lipstick_3":0,"helmet_1":-1,"shoes_2":0,"beard_2":0,"beard_1":0,"lipstick_2":0,"beard_4":0,"glasses_1":5,"bproof_1":0,"mask_1":0,"decals_1":1,"hair_1":0,"eyebrows_2":0,"beard_3":0,"age_1":0,"tshirt_2":0,"skin":0,"torso_2":0,"eyebrows_1":0,"face":0,"shoes_1":49,"pants_1":11}'),
	(66, 'dustman', 4, 'boss', 'Direttore', 0, '{"hair_2":0,"hair_1":11,"cheeks_3":0,"hair_color_1":2,"complexion_1":0,"hair_color_2":0,"chin_2":0,"chain_1":0,"arms":16,"watches_2":0,"eye_color":0,"age_1":0,"blush_3":0,"nose_1":-5,"moles_2":0,"glasses_1":0,"chin_3":0,"bags_1":0,"pants_1":27,"chin_4":0,"blush_2":0,"ears_2":0,"chest_3":0,"decals_2":0,"bodyb_4":0,"sun_1":0,"watches_1":-1,"bodyb_1":-1,"lipstick_2":0,"sex":0,"bodyb_3":-1,"helmet_1":-1,"glasses_2":0,"lipstick_3":0,"mask_1":0,"blemishes_2":0,"eyebrows_5":0,"blush_1":0,"makeup_3":0,"bproof_1":0,"age_2":0,"arms_2":0,"beard_2":10,"cheeks_1":0,"tshirt_2":1,"chest_1":0,"eyebrows_2":0,"beard_4":9,"eyebrows_1":0,"decals_1":0,"lipstick_4":0,"mask_2":0,"chain_2":0,"eyebrows_3":0,"eyebrows_6":0,"face_md_weight":61,"chest_2":0,"makeup_4":0,"bproof_2":0,"nose_4":8,"helmet_2":0,"jaw_1":0,"bags_2":0,"eyebrows_4":0,"skin_md_weight":27,"cheeks_2":0,"nose_5":10,"nose_3":5,"bodyb_2":0,"complexion_2":0,"eye_squint":0,"dad":0,"ears_1":-1,"chin_1":0,"bracelets_1":-1,"nose_6":0,"pants_2":8,"shoes_2":0,"torso_1":3,"jaw_2":0,"neck_thickness":0,"shoes_1":24,"bracelets_2":0,"moles_1":0,"blemishes_1":0,"beard_1":10,"sun_2":0,"makeup_2":0,"lip_thickness":0,"tshirt_1":59,"beard_3":2,"torso_2":0,"makeup_1":0,"lipstick_1":0,"mom":21,"nose_2":6,"chin_13":0}', '{"hair_2":0,"hair_color_2":0,"torso_1":57,"bags_1":0,"helmet_2":0,"chain_2":0,"eyebrows_3":0,"makeup_3":0,"makeup_2":0,"tshirt_1":38,"makeup_1":0,"bags_2":0,"makeup_4":0,"eyebrows_4":0,"chain_1":0,"lipstick_4":0,"bproof_2":0,"hair_color_1":0,"decals_2":0,"pants_2":1,"age_2":0,"glasses_2":0,"ears_2":0,"arms":21,"lipstick_1":0,"ears_1":-1,"mask_2":0,"sex":1,"lipstick_3":0,"helmet_1":-1,"shoes_2":0,"beard_2":0,"beard_1":0,"lipstick_2":0,"beard_4":0,"glasses_1":5,"bproof_1":0,"mask_1":0,"decals_1":1,"hair_1":0,"eyebrows_2":0,"beard_3":0,"age_1":0,"tshirt_2":0,"skin":0,"torso_2":0,"eyebrows_1":0,"face":0,"shoes_1":49,"pants_1":11}'),
	(67, 'unemployed', 0, 'unemployed', 'unemployed', 250, '{}', '{}'),
	(68, 'ballas', 0, 'little', 'picciotto', 12, '{"hair_2":0,"hair_color_2":0,"torso_1":32,"bags_1":0,"helmet_2":0,"chain_2":0,"eyebrows_3":0,"makeup_3":0,"makeup_2":0,"tshirt_1":31,"makeup_1":0,"bags_2":0,"makeup_4":0,"eyebrows_4":0,"chain_1":0,"lipstick_4":0,"bproof_2":0,"hair_color_1":0,"decals_2":0,"pants_2":0,"age_2":0,"glasses_2":0,"ears_2":0,"arms":27,"lipstick_1":0,"ears_1":-1,"mask_2":0,"sex":0,"lipstick_3":0,"helmet_1":-1,"shoes_2":0,"beard_2":0,"beard_1":0,"lipstick_2":0,"beard_4":0,"glasses_1":0,"bproof_1":0,"mask_1":0,"decals_1":1,"hair_1":0,"eyebrows_2":0,"beard_3":0,"age_1":0,"tshirt_2":0,"skin":0,"torso_2":0,"eyebrows_1":0,"face":0,"shoes_1":10,"pants_1":24}', '{"hair_2":0,"hair_color_2":0,"torso_1":57,"bags_1":0,"helmet_2":0,"chain_2":0,"eyebrows_3":0,"makeup_3":0,"makeup_2":0,"tshirt_1":38,"makeup_1":0,"bags_2":0,"makeup_4":0,"eyebrows_4":0,"chain_1":0,"lipstick_4":0,"bproof_2":0,"hair_color_1":0,"decals_2":0,"pants_2":1,"age_2":0,"glasses_2":0,"ears_2":0,"arms":21,"lipstick_1":0,"ears_1":-1,"mask_2":0,"sex":1,"lipstick_3":0,"helmet_1":-1,"shoes_2":0,"beard_2":0,"beard_1":0,"lipstick_2":0,"beard_4":0,"glasses_1":5,"bproof_1":0,"mask_1":0,"decals_1":1,"hair_1":0,"eyebrows_2":0,"beard_3":0,"age_1":0,"tshirt_2":0,"skin":0,"torso_2":0,"eyebrows_1":0,"face":0,"shoes_1":49,"pants_1":11}'),
	(69, 'ballas', 1, 'employee', 'scagnozzo', 24, '{"hair_2":0,"hair_color_2":0,"torso_1":32,"bags_1":0,"helmet_2":0,"chain_2":0,"eyebrows_3":0,"makeup_3":0,"makeup_2":0,"tshirt_1":31,"makeup_1":0,"bags_2":0,"makeup_4":0,"eyebrows_4":0,"chain_1":0,"lipstick_4":0,"bproof_2":0,"hair_color_1":0,"decals_2":0,"pants_2":0,"age_2":0,"glasses_2":0,"ears_2":0,"arms":27,"lipstick_1":0,"ears_1":-1,"mask_2":0,"sex":0,"lipstick_3":0,"helmet_1":-1,"shoes_2":0,"beard_2":0,"beard_1":0,"lipstick_2":0,"beard_4":0,"glasses_1":0,"bproof_1":0,"mask_1":0,"decals_1":1,"hair_1":0,"eyebrows_2":0,"beard_3":0,"age_1":0,"tshirt_2":0,"skin":0,"torso_2":0,"eyebrows_1":0,"face":0,"shoes_1":10,"pants_1":24}', '{"hair_2":0,"hair_color_2":0,"torso_1":57,"bags_1":0,"helmet_2":0,"chain_2":0,"eyebrows_3":0,"makeup_3":0,"makeup_2":0,"tshirt_1":38,"makeup_1":0,"bags_2":0,"makeup_4":0,"eyebrows_4":0,"chain_1":0,"lipstick_4":0,"bproof_2":0,"hair_color_1":0,"decals_2":0,"pants_2":1,"age_2":0,"glasses_2":0,"ears_2":0,"arms":21,"lipstick_1":0,"ears_1":-1,"mask_2":0,"sex":1,"lipstick_3":0,"helmet_1":-1,"shoes_2":0,"beard_2":0,"beard_1":0,"lipstick_2":0,"beard_4":0,"glasses_1":5,"bproof_1":0,"mask_1":0,"decals_1":1,"hair_1":0,"eyebrows_2":0,"beard_3":0,"age_1":0,"tshirt_2":0,"skin":0,"torso_2":0,"eyebrows_1":0,"face":0,"shoes_1":49,"pants_1":11}'),
	(70, 'ballas', 2, 'trustedman', 'Uomo di fiducia', 36, '{"hair_2":0,"hair_color_2":0,"torso_1":26,"bags_1":0,"helmet_2":0,"chain_2":0,"eyebrows_3":0,"makeup_3":0,"makeup_2":0,"tshirt_1":57,"makeup_1":0,"bags_2":0,"makeup_4":0,"eyebrows_4":0,"chain_1":0,"lipstick_4":0,"bproof_2":0,"hair_color_1":0,"decals_2":0,"pants_2":4,"age_2":0,"glasses_2":0,"ears_2":0,"arms":11,"lipstick_1":0,"ears_1":-1,"mask_2":0,"sex":0,"lipstick_3":0,"helmet_1":-1,"shoes_2":0,"beard_2":0,"beard_1":0,"lipstick_2":0,"beard_4":0,"glasses_1":0,"bproof_1":0,"mask_1":0,"decals_1":0,"hair_1":0,"eyebrows_2":0,"beard_3":0,"age_1":0,"tshirt_2":0,"skin":0,"torso_2":0,"eyebrows_1":0,"face":0,"shoes_1":10,"pants_1":24}', '{"hair_2":0,"hair_color_2":0,"torso_1":57,"bags_1":0,"helmet_2":0,"chain_2":0,"eyebrows_3":0,"makeup_3":0,"makeup_2":0,"tshirt_1":38,"makeup_1":0,"bags_2":0,"makeup_4":0,"eyebrows_4":0,"chain_1":0,"lipstick_4":0,"bproof_2":0,"hair_color_1":0,"decals_2":0,"pants_2":1,"age_2":0,"glasses_2":0,"ears_2":0,"arms":21,"lipstick_1":0,"ears_1":-1,"mask_2":0,"sex":1,"lipstick_3":0,"helmet_1":-1,"shoes_2":0,"beard_2":0,"beard_1":0,"lipstick_2":0,"beard_4":0,"glasses_1":5,"bproof_1":0,"mask_1":0,"decals_1":1,"hair_1":0,"eyebrows_2":0,"beard_3":0,"age_1":0,"tshirt_2":0,"skin":0,"torso_2":0,"eyebrows_1":0,"face":0,"shoes_1":49,"pants_1":11}'),
	(71, 'ballas', 3, 'adviser', 'consigliere', 48, '{"hair_2":0,"hair_color_2":0,"torso_1":26,"bags_1":0,"helmet_2":0,"chain_2":0,"eyebrows_3":0,"makeup_3":0,"makeup_2":0,"tshirt_1":57,"makeup_1":0,"bags_2":0,"makeup_4":0,"eyebrows_4":0,"chain_1":0,"lipstick_4":0,"bproof_2":0,"hair_color_1":0,"decals_2":0,"pants_2":4,"age_2":0,"glasses_2":0,"ears_2":0,"arms":11,"lipstick_1":0,"ears_1":-1,"mask_2":0,"sex":0,"lipstick_3":0,"helmet_1":-1,"shoes_2":0,"beard_2":0,"beard_1":0,"lipstick_2":0,"beard_4":0,"glasses_1":0,"bproof_1":0,"mask_1":0,"decals_1":0,"hair_1":0,"eyebrows_2":0,"beard_3":0,"age_1":0,"tshirt_2":0,"skin":0,"torso_2":0,"eyebrows_1":0,"face":0,"shoes_1":10,"pants_1":24}', '{"hair_2":0,"hair_color_2":0,"torso_1":57,"bags_1":0,"helmet_2":0,"chain_2":0,"eyebrows_3":0,"makeup_3":0,"makeup_2":0,"tshirt_1":38,"makeup_1":0,"bags_2":0,"makeup_4":0,"eyebrows_4":0,"chain_1":0,"lipstick_4":0,"bproof_2":0,"hair_color_1":0,"decals_2":0,"pants_2":1,"age_2":0,"glasses_2":0,"ears_2":0,"arms":21,"lipstick_1":0,"ears_1":-1,"mask_2":0,"sex":1,"lipstick_3":0,"helmet_1":-1,"shoes_2":0,"beard_2":0,"beard_1":0,"lipstick_2":0,"beard_4":0,"glasses_1":5,"bproof_1":0,"mask_1":0,"decals_1":1,"hair_1":0,"eyebrows_2":0,"beard_3":0,"age_1":0,"tshirt_2":0,"skin":0,"torso_2":0,"eyebrows_1":0,"face":0,"shoes_1":49,"pants_1":11}'),
	(72, 'ballas', 4, 'boss', 'Capo ballas', 10, '{"hair_2":0,"hair_color_2":0,"torso_1":29,"bags_1":0,"helmet_2":0,"chain_2":0,"eyebrows_3":0,"makeup_3":0,"makeup_2":0,"tshirt_1":31,"makeup_1":0,"bags_2":0,"makeup_4":0,"eyebrows_4":0,"chain_1":0,"lipstick_4":0,"bproof_2":0,"hair_color_1":0,"decals_2":0,"pants_2":4,"age_2":0,"glasses_2":0,"ears_2":0,"arms":1,"lipstick_1":0,"ears_1":-1,"mask_2":0,"sex":0,"lipstick_3":0,"helmet_1":-1,"shoes_2":0,"beard_2":0,"beard_1":0,"lipstick_2":0,"beard_4":0,"glasses_1":0,"bproof_1":0,"mask_1":0,"decals_1":0,"hair_1":0,"eyebrows_2":0,"beard_3":0,"age_1":0,"tshirt_2":0,"skin":0,"torso_2":4,"eyebrows_1":0,"face":0,"shoes_1":10,"pants_1":24}', '{"hair_2":0,"hair_color_2":0,"torso_1":57,"bags_1":0,"helmet_2":0,"chain_2":0,"eyebrows_3":0,"makeup_3":0,"makeup_2":0,"tshirt_1":38,"makeup_1":0,"bags_2":0,"makeup_4":0,"eyebrows_4":0,"chain_1":0,"lipstick_4":0,"bproof_2":0,"hair_color_1":0,"decals_2":0,"pants_2":1,"age_2":0,"glasses_2":0,"ears_2":0,"arms":21,"lipstick_1":0,"ears_1":-1,"mask_2":0,"sex":1,"lipstick_3":0,"helmet_1":-1,"shoes_2":0,"beard_2":0,"beard_1":0,"lipstick_2":0,"beard_4":0,"glasses_1":5,"bproof_1":0,"mask_1":0,"decals_1":1,"hair_1":0,"eyebrows_2":0,"beard_3":0,"age_1":0,"tshirt_2":0,"skin":0,"torso_2":0,"eyebrows_1":0,"face":0,"shoes_1":49,"pants_1":11}'),
	(82, 'baker', 0, 'apprentice', 'Apprendista', 20, '{}', '{}'),
	(83, 'baker', 1, 'gunsmith', 'Panettiere', 40, '{}', '{}'),
	(84, 'baker', 2, 'armorychief', 'Capo', 60, '{}', '{}'),
	(85, 'baker', 3, 'deputydirector', 'Vice direttore', 85, '{}', '{}'),
	(86, 'baker', 4, 'boss', 'Direttore', 100, '{}', '{}'),
	(87, 'unicorn', 0, 'ontrial', 'in prova', 12, '{}', '{}'),
	(88, 'unicorn', 1, 'employee', 'ballerino', 24, '{}', '{}'),
	(89, 'unicorn', 2, 'driver', 'barrista', 36, '{}', '{}'),
	(90, 'unicorn', 3, 'responsible', 'responsabile', 48, '{}', '{}'),
	(91, 'unicorn', 4, 'boss', 'Direttore', 0, '{}', '{}'),
	(97, 'delivery', 0, 'delivery', 'Delivery', 0, '{}', '{}'),
	(98, 'driving', 0, 'motorinstr', 'Motor Instructor', 50, '{}', '{}'),
	(99, 'driving', 1, 'carinstr', 'Car Instructor', 70, '{}', '{}'),
	(100, 'driving', 2, 'truckinstr', 'Truck Instructor', 120, '{}', '{}'),
	(101, 'driving', 3, 'examiner', 'Examiner', 200, '{}', '{}'),
	(102, 'driving', 4, 'boss', 'Boss', 350, '{}', '{}'),
	(103, 'fisherman', 0, 'ontrial', 'in prova', 12, '{"hair_2":0,"hair_color_2":0,"torso_1":32,"bags_1":0,"helmet_2":0,"chain_2":0,"eyebrows_3":0,"makeup_3":0,"makeup_2":0,"tshirt_1":31,"makeup_1":0,"bags_2":0,"makeup_4":0,"eyebrows_4":0,"chain_1":0,"lipstick_4":0,"bproof_2":0,"hair_color_1":0,"decals_2":0,"pants_2":0,"age_2":0,"glasses_2":0,"ears_2":0,"arms":27,"lipstick_1":0,"ears_1":-1,"mask_2":0,"sex":0,"lipstick_3":0,"helmet_1":-1,"shoes_2":0,"beard_2":0,"beard_1":0,"lipstick_2":0,"beard_4":0,"glasses_1":0,"bproof_1":0,"mask_1":0,"decals_1":1,"hair_1":0,"eyebrows_2":0,"beard_3":0,"age_1":0,"tshirt_2":0,"skin":0,"torso_2":0,"eyebrows_1":0,"face":0,"shoes_1":10,"pants_1":24}', '{"hair_2":0,"hair_color_2":0,"torso_1":57,"bags_1":0,"helmet_2":0,"chain_2":0,"eyebrows_3":0,"makeup_3":0,"makeup_2":0,"tshirt_1":38,"makeup_1":0,"bags_2":0,"makeup_4":0,"eyebrows_4":0,"chain_1":0,"lipstick_4":0,"bproof_2":0,"hair_color_1":0,"decals_2":0,"pants_2":1,"age_2":0,"glasses_2":0,"ears_2":0,"arms":21,"lipstick_1":0,"ears_1":-1,"mask_2":0,"sex":1,"lipstick_3":0,"helmet_1":-1,"shoes_2":0,"beard_2":0,"beard_1":0,"lipstick_2":0,"beard_4":0,"glasses_1":5,"bproof_1":0,"mask_1":0,"decals_1":1,"hair_1":0,"eyebrows_2":0,"beard_3":0,"age_1":0,"tshirt_2":0,"skin":0,"torso_2":0,"eyebrows_1":0,"face":0,"shoes_1":49,"pants_1":11}'),
	(104, 'fisherman', 1, 'employee', 'dipendente', 24, '{"hair_2":0,"hair_color_2":0,"torso_1":32,"bags_1":0,"helmet_2":0,"chain_2":0,"eyebrows_3":0,"makeup_3":0,"makeup_2":0,"tshirt_1":31,"makeup_1":0,"bags_2":0,"makeup_4":0,"eyebrows_4":0,"chain_1":0,"lipstick_4":0,"bproof_2":0,"hair_color_1":0,"decals_2":0,"pants_2":0,"age_2":0,"glasses_2":0,"ears_2":0,"arms":27,"lipstick_1":0,"ears_1":-1,"mask_2":0,"sex":0,"lipstick_3":0,"helmet_1":-1,"shoes_2":0,"beard_2":0,"beard_1":0,"lipstick_2":0,"beard_4":0,"glasses_1":0,"bproof_1":0,"mask_1":0,"decals_1":1,"hair_1":0,"eyebrows_2":0,"beard_3":0,"age_1":0,"tshirt_2":0,"skin":0,"torso_2":0,"eyebrows_1":0,"face":0,"shoes_1":10,"pants_1":24}', '{"hair_2":0,"hair_color_2":0,"torso_1":57,"bags_1":0,"helmet_2":0,"chain_2":0,"eyebrows_3":0,"makeup_3":0,"makeup_2":0,"tshirt_1":38,"makeup_1":0,"bags_2":0,"makeup_4":0,"eyebrows_4":0,"chain_1":0,"lipstick_4":0,"bproof_2":0,"hair_color_1":0,"decals_2":0,"pants_2":1,"age_2":0,"glasses_2":0,"ears_2":0,"arms":21,"lipstick_1":0,"ears_1":-1,"mask_2":0,"sex":1,"lipstick_3":0,"helmet_1":-1,"shoes_2":0,"beard_2":0,"beard_1":0,"lipstick_2":0,"beard_4":0,"glasses_1":5,"bproof_1":0,"mask_1":0,"decals_1":1,"hair_1":0,"eyebrows_2":0,"beard_3":0,"age_1":0,"tshirt_2":0,"skin":0,"torso_2":0,"eyebrows_1":0,"face":0,"shoes_1":49,"pants_1":11}'),
	(105, 'fisherman', 2, 'driver', 'autista', 36, '{"hair_2":0,"hair_color_2":0,"torso_1":26,"bags_1":0,"helmet_2":0,"chain_2":0,"eyebrows_3":0,"makeup_3":0,"makeup_2":0,"tshirt_1":57,"makeup_1":0,"bags_2":0,"makeup_4":0,"eyebrows_4":0,"chain_1":0,"lipstick_4":0,"bproof_2":0,"hair_color_1":0,"decals_2":0,"pants_2":4,"age_2":0,"glasses_2":0,"ears_2":0,"arms":11,"lipstick_1":0,"ears_1":-1,"mask_2":0,"sex":0,"lipstick_3":0,"helmet_1":-1,"shoes_2":0,"beard_2":0,"beard_1":0,"lipstick_2":0,"beard_4":0,"glasses_1":0,"bproof_1":0,"mask_1":0,"decals_1":0,"hair_1":0,"eyebrows_2":0,"beard_3":0,"age_1":0,"tshirt_2":0,"skin":0,"torso_2":0,"eyebrows_1":0,"face":0,"shoes_1":10,"pants_1":24}', '{"hair_2":0,"hair_color_2":0,"torso_1":57,"bags_1":0,"helmet_2":0,"chain_2":0,"eyebrows_3":0,"makeup_3":0,"makeup_2":0,"tshirt_1":38,"makeup_1":0,"bags_2":0,"makeup_4":0,"eyebrows_4":0,"chain_1":0,"lipstick_4":0,"bproof_2":0,"hair_color_1":0,"decals_2":0,"pants_2":1,"age_2":0,"glasses_2":0,"ears_2":0,"arms":21,"lipstick_1":0,"ears_1":-1,"mask_2":0,"sex":1,"lipstick_3":0,"helmet_1":-1,"shoes_2":0,"beard_2":0,"beard_1":0,"lipstick_2":0,"beard_4":0,"glasses_1":5,"bproof_1":0,"mask_1":0,"decals_1":1,"hair_1":0,"eyebrows_2":0,"beard_3":0,"age_1":0,"tshirt_2":0,"skin":0,"torso_2":0,"eyebrows_1":0,"face":0,"shoes_1":49,"pants_1":11}'),
	(106, 'fisherman', 3, 'responsible', 'responsabile', 48, '{"hair_2":0,"hair_color_2":0,"torso_1":26,"bags_1":0,"helmet_2":0,"chain_2":0,"eyebrows_3":0,"makeup_3":0,"makeup_2":0,"tshirt_1":57,"makeup_1":0,"bags_2":0,"makeup_4":0,"eyebrows_4":0,"chain_1":0,"lipstick_4":0,"bproof_2":0,"hair_color_1":0,"decals_2":0,"pants_2":4,"age_2":0,"glasses_2":0,"ears_2":0,"arms":11,"lipstick_1":0,"ears_1":-1,"mask_2":0,"sex":0,"lipstick_3":0,"helmet_1":-1,"shoes_2":0,"beard_2":0,"beard_1":0,"lipstick_2":0,"beard_4":0,"glasses_1":0,"bproof_1":0,"mask_1":0,"decals_1":0,"hair_1":0,"eyebrows_2":0,"beard_3":0,"age_1":0,"tshirt_2":0,"skin":0,"torso_2":0,"eyebrows_1":0,"face":0,"shoes_1":10,"pants_1":24}', '{"hair_2":0,"hair_color_2":0,"torso_1":57,"bags_1":0,"helmet_2":0,"chain_2":0,"eyebrows_3":0,"makeup_3":0,"makeup_2":0,"tshirt_1":38,"makeup_1":0,"bags_2":0,"makeup_4":0,"eyebrows_4":0,"chain_1":0,"lipstick_4":0,"bproof_2":0,"hair_color_1":0,"decals_2":0,"pants_2":1,"age_2":0,"glasses_2":0,"ears_2":0,"arms":21,"lipstick_1":0,"ears_1":-1,"mask_2":0,"sex":1,"lipstick_3":0,"helmet_1":-1,"shoes_2":0,"beard_2":0,"beard_1":0,"lipstick_2":0,"beard_4":0,"glasses_1":5,"bproof_1":0,"mask_1":0,"decals_1":1,"hair_1":0,"eyebrows_2":0,"beard_3":0,"age_1":0,"tshirt_2":0,"skin":0,"torso_2":0,"eyebrows_1":0,"face":0,"shoes_1":49,"pants_1":11}'),
	(107, 'fisherman', 4, 'boss', 'Direttore', 0, '{"hair_2":0,"hair_color_2":0,"torso_1":29,"bags_1":0,"helmet_2":0,"chain_2":0,"eyebrows_3":0,"makeup_3":0,"makeup_2":0,"tshirt_1":31,"makeup_1":0,"bags_2":0,"makeup_4":0,"eyebrows_4":0,"chain_1":0,"lipstick_4":0,"bproof_2":0,"hair_color_1":0,"decals_2":0,"pants_2":4,"age_2":0,"glasses_2":0,"ears_2":0,"arms":1,"lipstick_1":0,"ears_1":-1,"mask_2":0,"sex":0,"lipstick_3":0,"helmet_1":-1,"shoes_2":0,"beard_2":0,"beard_1":0,"lipstick_2":0,"beard_4":0,"glasses_1":0,"bproof_1":0,"mask_1":0,"decals_1":0,"hair_1":0,"eyebrows_2":0,"beard_3":0,"age_1":0,"tshirt_2":0,"skin":0,"torso_2":4,"eyebrows_1":0,"face":0,"shoes_1":10,"pants_1":24}', '{"hair_2":0,"hair_color_2":0,"torso_1":57,"bags_1":0,"helmet_2":0,"chain_2":0,"eyebrows_3":0,"makeup_3":0,"makeup_2":0,"tshirt_1":38,"makeup_1":0,"bags_2":0,"makeup_4":0,"eyebrows_4":0,"chain_1":0,"lipstick_4":0,"bproof_2":0,"hair_color_1":0,"decals_2":0,"pants_2":1,"age_2":0,"glasses_2":0,"ears_2":0,"arms":21,"lipstick_1":0,"ears_1":-1,"mask_2":0,"sex":1,"lipstick_3":0,"helmet_1":-1,"shoes_2":0,"beard_2":0,"beard_1":0,"lipstick_2":0,"beard_4":0,"glasses_1":5,"bproof_1":0,"mask_1":0,"decals_1":1,"hair_1":0,"eyebrows_2":0,"beard_3":0,"age_1":0,"tshirt_2":0,"skin":0,"torso_2":0,"eyebrows_1":0,"face":0,"shoes_1":49,"pants_1":11}');

-- Dump della struttura di tabella es_extended.licenses
CREATE TABLE IF NOT EXISTS `licenses` (
  `type` varchar(60) NOT NULL,
  `label` varchar(60) NOT NULL,
  PRIMARY KEY (`type`)
) ENGINE=InnoDB DEFAULT CHARSET=utf8mb4 COLLATE=utf8mb4_general_ci;

-- Dump dei dati della tabella es_extended.licenses: ~7 rows (circa)
INSERT INTO `licenses` (`type`, `label`) VALUES
	('boat', 'Boat License'),
	('dmv', 'Driving Permit'),
	('drive', 'Drivers License'),
	('drive_bike', 'Motorcycle License'),
	('drive_truck', 'Commercial Drivers License'),
	('weapon', 'Weapon License'),
	('weed_processing', 'Weed Processing License');

-- Dump della struttura di tabella es_extended.multicharacter_slots
CREATE TABLE IF NOT EXISTS `multicharacter_slots` (
  `identifier` varchar(46) NOT NULL,
  `slots` int(11) NOT NULL,
  PRIMARY KEY (`identifier`) USING BTREE,
  KEY `slots` (`slots`) USING BTREE
) ENGINE=InnoDB DEFAULT CHARSET=utf8mb4 COLLATE=utf8mb4_general_ci;

-- Dump dei dati della tabella es_extended.multicharacter_slots: ~0 rows (circa)

-- Dump della struttura di tabella es_extended.npwd_calls
CREATE TABLE IF NOT EXISTS `npwd_calls` (
  `id` int(11) NOT NULL AUTO_INCREMENT,
  `identifier` varchar(46) DEFAULT NULL,
  `transmitter` varchar(255) NOT NULL,
  `receiver` varchar(255) NOT NULL,
  `is_accepted` tinyint(4) DEFAULT 0,
  `start` varchar(255) DEFAULT NULL,
  `end` varchar(255) DEFAULT NULL,
  PRIMARY KEY (`id`),
  KEY `identifier` (`identifier`)
) ENGINE=InnoDB DEFAULT CHARSET=utf8mb4 COLLATE=utf8mb4_general_ci;

-- Dump dei dati della tabella es_extended.npwd_calls: ~0 rows (circa)

-- Dump della struttura di tabella es_extended.npwd_crypto_transactions
CREATE TABLE IF NOT EXISTS `npwd_crypto_transactions` (
  `id` int(11) NOT NULL AUTO_INCREMENT,
  `identifier` varchar(46) DEFAULT NULL,
  `type` varchar(20) DEFAULT NULL,
  `amount` float DEFAULT NULL,
  `worth` float DEFAULT NULL,
  `sentTo` varchar(20) DEFAULT NULL,
  `createdAt` timestamp NULL DEFAULT current_timestamp(),
  PRIMARY KEY (`id`)
) ENGINE=InnoDB AUTO_INCREMENT=10 DEFAULT CHARSET=utf8mb4 COLLATE=utf8mb4_unicode_ci;

-- Dump dei dati della tabella es_extended.npwd_crypto_transactions: ~9 rows (circa)

-- Dump della struttura di tabella es_extended.npwd_darkchat_channels
CREATE TABLE IF NOT EXISTS `npwd_darkchat_channels` (
  `id` int(11) NOT NULL AUTO_INCREMENT,
  `channel_identifier` varchar(255) NOT NULL,
  `label` varchar(255) DEFAULT '',
  PRIMARY KEY (`id`) USING BTREE,
  UNIQUE KEY `darkchat_channels_channel_identifier_uindex` (`channel_identifier`) USING BTREE
) ENGINE=InnoDB AUTO_INCREMENT=21 DEFAULT CHARSET=utf8mb4 COLLATE=utf8mb4_general_ci;

-- Dump dei dati della tabella es_extended.npwd_darkchat_channels: ~1 rows (circa)
INSERT INTO `npwd_darkchat_channels` (`id`, `channel_identifier`, `label`) VALUES
	(20, '3', '3');

-- Dump della struttura di tabella es_extended.npwd_darkchat_channel_members
CREATE TABLE IF NOT EXISTS `npwd_darkchat_channel_members` (
  `channel_id` int(11) NOT NULL,
  `user_identifier` varchar(255) NOT NULL,
  `is_owner` tinyint(4) NOT NULL DEFAULT 0,
  KEY `npwd_darkchat_channel_members_npwd_darkchat_channels_id_fk` (`channel_id`) USING BTREE,
  CONSTRAINT `npwd_darkchat_channel_members_npwd_darkchat_channels_id_fk` FOREIGN KEY (`channel_id`) REFERENCES `npwd_darkchat_channels` (`id`)
) ENGINE=InnoDB DEFAULT CHARSET=utf8mb4 COLLATE=utf8mb4_general_ci;

-- Dump dei dati della tabella es_extended.npwd_darkchat_channel_members: ~1 rows (circa)

-- Dump della struttura di tabella es_extended.npwd_darkchat_messages
CREATE TABLE IF NOT EXISTS `npwd_darkchat_messages` (
  `id` int(11) NOT NULL AUTO_INCREMENT,
  `channel_id` int(11) NOT NULL,
  `message` varchar(255) NOT NULL,
  `user_identifier` varchar(255) NOT NULL,
  `createdAt` timestamp NOT NULL DEFAULT current_timestamp(),
  `is_image` tinyint(4) NOT NULL DEFAULT 0,
  PRIMARY KEY (`id`) USING BTREE,
  KEY `darkchat_messages_darkchat_channels_id_fk` (`channel_id`) USING BTREE,
  CONSTRAINT `darkchat_messages_darkchat_channels_id_fk` FOREIGN KEY (`channel_id`) REFERENCES `npwd_darkchat_channels` (`id`)
) ENGINE=InnoDB AUTO_INCREMENT=32 DEFAULT CHARSET=utf8mb4 COLLATE=utf8mb4_general_ci;

-- Dump dei dati della tabella es_extended.npwd_darkchat_messages: ~1 rows (circa)

-- Dump della struttura di tabella es_extended.npwd_marketplace_listings
CREATE TABLE IF NOT EXISTS `npwd_marketplace_listings` (
  `id` int(11) NOT NULL AUTO_INCREMENT,
  `identifier` varchar(46) DEFAULT NULL,
  `username` varchar(255) DEFAULT NULL,
  `name` varchar(50) DEFAULT NULL,
  `number` varchar(255) NOT NULL,
  `title` varchar(255) DEFAULT NULL,
  `url` varchar(255) DEFAULT NULL,
  `description` varchar(255) NOT NULL,
  `createdAt` timestamp NOT NULL DEFAULT current_timestamp(),
  `updatedAt` timestamp NOT NULL DEFAULT current_timestamp() ON UPDATE current_timestamp(),
  `reported` tinyint(4) NOT NULL DEFAULT 0,
  PRIMARY KEY (`id`),
  KEY `identifier` (`identifier`)
) ENGINE=InnoDB DEFAULT CHARSET=utf8mb4 COLLATE=utf8mb4_general_ci;

-- Dump dei dati della tabella es_extended.npwd_marketplace_listings: ~0 rows (circa)

-- Dump della struttura di tabella es_extended.npwd_match_profiles
CREATE TABLE IF NOT EXISTS `npwd_match_profiles` (
  `id` int(11) NOT NULL AUTO_INCREMENT,
  `identifier` varchar(46) DEFAULT NULL,
  `name` varchar(90) NOT NULL,
  `image` varchar(255) NOT NULL,
  `bio` varchar(512) DEFAULT NULL,
  `location` varchar(45) DEFAULT NULL,
  `job` varchar(45) DEFAULT NULL,
  `tags` varchar(255) NOT NULL DEFAULT '',
  `voiceMessage` varchar(512) DEFAULT NULL,
  `createdAt` timestamp NOT NULL DEFAULT current_timestamp(),
  `updatedAt` timestamp NOT NULL DEFAULT current_timestamp() ON UPDATE current_timestamp(),
  PRIMARY KEY (`id`),
  UNIQUE KEY `identifier_UNIQUE` (`identifier`)
) ENGINE=InnoDB AUTO_INCREMENT=2 DEFAULT CHARSET=utf8mb4 COLLATE=utf8mb4_general_ci;

-- Dump dei dati della tabella es_extended.npwd_match_profiles: ~1 rows (circa)

-- Dump della struttura di tabella es_extended.npwd_match_views
CREATE TABLE IF NOT EXISTS `npwd_match_views` (
  `id` int(11) NOT NULL AUTO_INCREMENT,
  `identifier` varchar(46) DEFAULT NULL,
  `profile` int(11) NOT NULL,
  `liked` tinyint(4) DEFAULT 0,
  `createdAt` timestamp NOT NULL DEFAULT current_timestamp(),
  `updatedAt` timestamp NOT NULL DEFAULT current_timestamp() ON UPDATE current_timestamp(),
  PRIMARY KEY (`id`),
  KEY `match_profile_idx` (`profile`),
  KEY `identifier` (`identifier`),
  CONSTRAINT `match_profile` FOREIGN KEY (`profile`) REFERENCES `npwd_match_profiles` (`id`)
) ENGINE=InnoDB DEFAULT CHARSET=utf8mb4 COLLATE=utf8mb4_general_ci;

-- Dump dei dati della tabella es_extended.npwd_match_views: ~0 rows (circa)

-- Dump della struttura di tabella es_extended.npwd_messages
CREATE TABLE IF NOT EXISTS `npwd_messages` (
  `id` int(11) NOT NULL AUTO_INCREMENT,
  `message` varchar(512) NOT NULL,
  `user_identifier` varchar(48) NOT NULL,
  `conversation_id` varchar(512) NOT NULL,
  `isRead` tinyint(4) NOT NULL DEFAULT 0,
  `createdAt` timestamp NOT NULL DEFAULT current_timestamp(),
  `updatedAt` timestamp NOT NULL DEFAULT current_timestamp() ON UPDATE current_timestamp(),
  `visible` tinyint(4) NOT NULL DEFAULT 1,
  `author` varchar(255) NOT NULL,
  `is_embed` tinyint(4) NOT NULL DEFAULT 0,
  `embed` varchar(512) NOT NULL DEFAULT '',
  PRIMARY KEY (`id`),
  KEY `user_identifier` (`user_identifier`)
) ENGINE=InnoDB DEFAULT CHARSET=utf8mb4 COLLATE=utf8mb4_general_ci;

-- Dump dei dati della tabella es_extended.npwd_messages: ~0 rows (circa)

-- Dump della struttura di tabella es_extended.npwd_messages_conversations
CREATE TABLE IF NOT EXISTS `npwd_messages_conversations` (
  `id` int(11) NOT NULL AUTO_INCREMENT,
  `conversation_list` varchar(225) NOT NULL,
  `label` varchar(60) DEFAULT '',
  `createdAt` timestamp NOT NULL DEFAULT current_timestamp(),
  `updatedAt` timestamp NOT NULL DEFAULT current_timestamp(),
  `last_message_id` int(11) DEFAULT NULL,
  `is_group_chat` tinyint(4) NOT NULL DEFAULT 0,
  PRIMARY KEY (`id`) USING BTREE
) ENGINE=InnoDB DEFAULT CHARSET=utf8mb4 COLLATE=utf8mb4_general_ci;

-- Dump dei dati della tabella es_extended.npwd_messages_conversations: ~0 rows (circa)

-- Dump della struttura di tabella es_extended.npwd_messages_participants
CREATE TABLE IF NOT EXISTS `npwd_messages_participants` (
  `id` int(11) NOT NULL AUTO_INCREMENT,
  `conversation_id` int(11) NOT NULL,
  `participant` varchar(225) NOT NULL,
  `unread_count` int(11) DEFAULT 0,
  PRIMARY KEY (`id`) USING BTREE,
  KEY `message_participants_npwd_messages_conversations_id_fk` (`conversation_id`) USING BTREE,
  CONSTRAINT `message_participants_npwd_messages_conversations_id_fk` FOREIGN KEY (`conversation_id`) REFERENCES `npwd_messages_conversations` (`id`)
) ENGINE=InnoDB DEFAULT CHARSET=utf8mb4 COLLATE=utf8mb4_general_ci;

-- Dump dei dati della tabella es_extended.npwd_messages_participants: ~0 rows (circa)

-- Dump della struttura di tabella es_extended.npwd_notes
CREATE TABLE IF NOT EXISTS `npwd_notes` (
  `id` int(11) NOT NULL AUTO_INCREMENT,
  `identifier` varchar(46) DEFAULT NULL,
  `title` varchar(255) NOT NULL,
  `content` varchar(255) NOT NULL,
  PRIMARY KEY (`id`),
  KEY `identifier` (`identifier`)
) ENGINE=InnoDB DEFAULT CHARSET=utf8mb4 COLLATE=utf8mb4_general_ci;

-- Dump dei dati della tabella es_extended.npwd_notes: ~0 rows (circa)

-- Dump della struttura di tabella es_extended.npwd_phone_contacts
CREATE TABLE IF NOT EXISTS `npwd_phone_contacts` (
  `id` int(11) NOT NULL AUTO_INCREMENT,
  `identifier` varchar(46) DEFAULT NULL,
  `avatar` varchar(255) DEFAULT NULL,
  `number` varchar(20) DEFAULT NULL,
  `display` varchar(255) NOT NULL DEFAULT '',
  PRIMARY KEY (`id`),
  KEY `identifier` (`identifier`)
) ENGINE=InnoDB DEFAULT CHARSET=utf8mb4 COLLATE=utf8mb4_general_ci;

-- Dump dei dati della tabella es_extended.npwd_phone_contacts: ~0 rows (circa)

-- Dump della struttura di tabella es_extended.npwd_phone_gallery
CREATE TABLE IF NOT EXISTS `npwd_phone_gallery` (
  `id` int(11) NOT NULL AUTO_INCREMENT,
  `identifier` varchar(46) DEFAULT NULL,
  `image` varchar(255) NOT NULL,
  PRIMARY KEY (`id`),
  KEY `identifier` (`identifier`)
) ENGINE=InnoDB AUTO_INCREMENT=6 DEFAULT CHARSET=utf8mb4 COLLATE=utf8mb4_general_ci;

-- Dump dei dati della tabella es_extended.npwd_phone_gallery: ~3 rows (circa)

-- Dump della struttura di tabella es_extended.npwd_twitter_likes
CREATE TABLE IF NOT EXISTS `npwd_twitter_likes` (
  `id` int(11) NOT NULL AUTO_INCREMENT,
  `profile_id` int(11) NOT NULL,
  `tweet_id` int(11) NOT NULL,
  PRIMARY KEY (`id`),
  UNIQUE KEY `unique_combination` (`profile_id`,`tweet_id`),
  KEY `profile_idx` (`profile_id`),
  KEY `tweet_idx` (`tweet_id`),
  CONSTRAINT `profile` FOREIGN KEY (`profile_id`) REFERENCES `npwd_twitter_profiles` (`id`),
  CONSTRAINT `tweet` FOREIGN KEY (`tweet_id`) REFERENCES `npwd_twitter_tweets` (`id`) ON DELETE CASCADE
) ENGINE=InnoDB DEFAULT CHARSET=utf8mb4 COLLATE=utf8mb4_general_ci;

-- Dump dei dati della tabella es_extended.npwd_twitter_likes: ~0 rows (circa)

-- Dump della struttura di tabella es_extended.npwd_twitter_profiles
CREATE TABLE IF NOT EXISTS `npwd_twitter_profiles` (
  `id` int(11) NOT NULL AUTO_INCREMENT,
  `profile_name` varchar(90) NOT NULL,
  `identifier` varchar(46) DEFAULT NULL,
  `avatar_url` varchar(255) DEFAULT 'https://i.file.glass/QrEvq.png',
  `createdAt` timestamp NOT NULL DEFAULT current_timestamp(),
  `updatedAt` timestamp NOT NULL DEFAULT current_timestamp() ON UPDATE current_timestamp(),
  PRIMARY KEY (`id`),
  UNIQUE KEY `profile_name_UNIQUE` (`profile_name`),
  KEY `identifier` (`identifier`)
) ENGINE=InnoDB AUTO_INCREMENT=2 DEFAULT CHARSET=utf8mb4 COLLATE=utf8mb4_general_ci;

-- Dump dei dati della tabella es_extended.npwd_twitter_profiles: ~1 rows (circa)

-- Dump della struttura di tabella es_extended.npwd_twitter_reports
CREATE TABLE IF NOT EXISTS `npwd_twitter_reports` (
  `id` int(11) NOT NULL AUTO_INCREMENT,
  `profile_id` int(11) NOT NULL,
  `tweet_id` int(11) NOT NULL,
  PRIMARY KEY (`id`),
  UNIQUE KEY `unique_combination` (`profile_id`,`tweet_id`),
  KEY `profile_idx` (`profile_id`),
  KEY `tweet_idx` (`tweet_id`),
  CONSTRAINT `report_profile` FOREIGN KEY (`profile_id`) REFERENCES `npwd_twitter_profiles` (`id`),
  CONSTRAINT `report_tweet` FOREIGN KEY (`tweet_id`) REFERENCES `npwd_twitter_tweets` (`id`) ON DELETE CASCADE
) ENGINE=InnoDB DEFAULT CHARSET=utf8mb4 COLLATE=utf8mb4_general_ci;

-- Dump dei dati della tabella es_extended.npwd_twitter_reports: ~0 rows (circa)

-- Dump della struttura di tabella es_extended.npwd_twitter_tweets
CREATE TABLE IF NOT EXISTS `npwd_twitter_tweets` (
  `id` int(11) NOT NULL AUTO_INCREMENT,
  `message` varchar(1000) NOT NULL,
  `createdAt` timestamp NOT NULL DEFAULT current_timestamp(),
  `updatedAt` timestamp NOT NULL DEFAULT current_timestamp() ON UPDATE current_timestamp(),
  `likes` int(11) NOT NULL DEFAULT 0,
  `identifier` varchar(46) DEFAULT NULL,
  `visible` tinyint(4) NOT NULL DEFAULT 1,
  `images` varchar(1000) DEFAULT '',
  `retweet` int(11) DEFAULT NULL,
  `profile_id` int(11) NOT NULL,
  PRIMARY KEY (`id`) USING BTREE,
  KEY `npwd_twitter_tweets_npwd_twitter_profiles_id_fk` (`profile_id`) USING BTREE,
  CONSTRAINT `npwd_twitter_tweets_npwd_twitter_profiles_id_fk` FOREIGN KEY (`profile_id`) REFERENCES `npwd_twitter_profiles` (`id`)
) ENGINE=InnoDB DEFAULT CHARSET=utf8mb4 COLLATE=utf8mb4_general_ci;

-- Dump dei dati della tabella es_extended.npwd_twitter_tweets: ~0 rows (circa)

-- Dump della struttura di tabella es_extended.outfits
CREATE TABLE IF NOT EXISTS `outfits` (
  `id` int(11) NOT NULL AUTO_INCREMENT,
  `identifier` varchar(46) DEFAULT NULL,
  `name` longtext DEFAULT NULL,
  `ped` longtext DEFAULT NULL,
  `components` longtext DEFAULT NULL,
  `props` longtext DEFAULT NULL,
  PRIMARY KEY (`id`),
  UNIQUE KEY `id_UNIQUE` (`id`)
) ENGINE=InnoDB AUTO_INCREMENT=2 DEFAULT CHARSET=utf8 COLLATE=utf8_general_ci;

-- Dump dei dati della tabella es_extended.outfits: ~1 rows (circa)

-- Dump della struttura di tabella es_extended.owned_vehicles
CREATE TABLE IF NOT EXISTS `owned_vehicles` (
  `owner` varchar(46) DEFAULT NULL,
  `plate` varchar(12) NOT NULL,
  `vehicle` longtext DEFAULT NULL,
  `type` varchar(20) NOT NULL DEFAULT 'car',
  `job` varchar(20) DEFAULT NULL,
  `stored` tinyint(4) NOT NULL DEFAULT 0,
  `parking` varchar(60) DEFAULT NULL,
  `pound` varchar(60) DEFAULT NULL,
  `trunk` longtext DEFAULT NULL,
  `glovebox` longtext DEFAULT NULL,
  `peopleWithKeys` longtext DEFAULT '',
  `mileage` float DEFAULT 0,
  PRIMARY KEY (`plate`)
) ENGINE=InnoDB DEFAULT CHARSET=utf8mb4 COLLATE=utf8mb4_general_ci;

-- Dump dei dati della tabella es_extended.owned_vehicles: ~5 rows (circa)

-- Dump della struttura di tabella es_extended.ox_inventory
CREATE TABLE IF NOT EXISTS `ox_inventory` (
  `owner` varchar(46) DEFAULT NULL,
  `name` varchar(100) NOT NULL,
  `data` longtext DEFAULT NULL,
  `lastupdated` timestamp NULL DEFAULT current_timestamp() ON UPDATE current_timestamp(),
  UNIQUE KEY `owner` (`owner`,`name`)
) ENGINE=InnoDB DEFAULT CHARSET=utf8mb4 COLLATE=utf8mb4_general_ci;

-- Dump dei dati della tabella es_extended.ox_inventory: ~7 rows (circa)

-- Dump della struttura di tabella es_extended.rented_vehicles
CREATE TABLE IF NOT EXISTS `rented_vehicles` (
  `vehicle` varchar(60) NOT NULL,
  `plate` varchar(12) NOT NULL,
  `player_name` varchar(255) NOT NULL,
  `base_price` int(11) NOT NULL,
  `rent_price` int(11) NOT NULL,
  `owner` varchar(46) DEFAULT NULL,
  PRIMARY KEY (`plate`)
) ENGINE=InnoDB DEFAULT CHARSET=utf8mb4 COLLATE=utf8mb4_general_ci;

-- Dump dei dati della tabella es_extended.rented_vehicles: ~0 rows (circa)

-- Dump della struttura di tabella es_extended.society_moneywash
CREATE TABLE IF NOT EXISTS `society_moneywash` (
  `id` int(11) NOT NULL AUTO_INCREMENT,
  `identifier` varchar(46) DEFAULT NULL,
  `society` varchar(60) NOT NULL,
  `amount` int(11) NOT NULL,
  PRIMARY KEY (`id`)
) ENGINE=InnoDB AUTO_INCREMENT=2 DEFAULT CHARSET=utf8mb4 COLLATE=utf8mb4_general_ci;

-- Dump dei dati della tabella es_extended.society_moneywash: ~1 rows (circa)

-- Dump della struttura di tabella es_extended.users
CREATE TABLE IF NOT EXISTS `users` (
  `identifier` varchar(46) NOT NULL,
  `accounts` longtext DEFAULT NULL,
  `group` varchar(50) DEFAULT 'user',
  `inventory` longtext DEFAULT NULL,
  `job` varchar(20) DEFAULT 'unemployed',
  `job_grade` int(11) DEFAULT 0,
  `loadout` longtext DEFAULT NULL,
  `crafting_level` int(11) NOT NULL,
  `position` varchar(255) DEFAULT '{"x":-269.4,"y":-955.3,"z":31.2,"heading":205.8}',
  `firstname` varchar(16) DEFAULT NULL,
  `lastname` varchar(16) DEFAULT NULL,
  `dateofbirth` varchar(10) DEFAULT NULL,
  `sex` varchar(1) DEFAULT NULL,
  `height` int(11) DEFAULT NULL,
  `skin` longtext DEFAULT NULL,
  `status` longtext DEFAULT NULL,
  `is_dead` tinyint(1) DEFAULT 0,
  `id` int(11) NOT NULL AUTO_INCREMENT,
  `disabled` tinyint(1) DEFAULT 0,
  `last_property` varchar(255) DEFAULT NULL,
  `pincode` int(11) DEFAULT NULL,
  `tattoos` longtext DEFAULT NULL,
  `iban` varchar(255) DEFAULT NULL,
  `jail` int(11) NOT NULL DEFAULT 0,
  `phone_number` int(10) DEFAULT NULL,
  PRIMARY KEY (`identifier`),
  UNIQUE KEY `id` (`id`)
) ENGINE=InnoDB AUTO_INCREMENT=10 DEFAULT CHARSET=utf8mb4 COLLATE=utf8mb4_general_ci;

-- Dump dei dati della tabella es_extended.users: ~1 rows (circa)

-- Dump della struttura di tabella es_extended.user_licenses
CREATE TABLE IF NOT EXISTS `user_licenses` (
  `id` int(11) NOT NULL AUTO_INCREMENT,
  `type` varchar(60) NOT NULL,
  `owner` varchar(46) DEFAULT NULL,
  PRIMARY KEY (`id`)
) ENGINE=InnoDB AUTO_INCREMENT=8 DEFAULT CHARSET=utf8mb4 COLLATE=utf8mb4_general_ci;

-- Dump dei dati della tabella es_extended.user_licenses: ~2 rows (circa)

-- Dump della struttura di tabella es_extended.uteknark1
CREATE TABLE IF NOT EXISTS `uteknark1` (
  `id` int(10) unsigned NOT NULL AUTO_INCREMENT,
  `stage` int(3) unsigned NOT NULL DEFAULT 1,
  `time` timestamp NOT NULL DEFAULT current_timestamp() ON UPDATE current_timestamp(),
  `x` float NOT NULL,
  `y` float NOT NULL,
  `z` float NOT NULL,
  `soil` bigint(20) NOT NULL,
  PRIMARY KEY (`id`),
  KEY `stage` (`stage`,`time`)
) ENGINE=InnoDB AUTO_INCREMENT=7 DEFAULT CHARSET=utf8mb4 COLLATE=utf8mb4_general_ci;

-- Dump dei dati della tabella es_extended.uteknark1: ~0 rows (circa)

-- Dump della struttura di tabella es_extended.vehicles
CREATE TABLE IF NOT EXISTS `vehicles` (
  `name` varchar(60) NOT NULL,
  `model` varchar(60) NOT NULL,
  `price` int(11) NOT NULL,
  `category` varchar(60) DEFAULT NULL
) ENGINE=InnoDB DEFAULT CHARSET=utf8mb4 COLLATE=utf8mb4_general_ci;

-- Dump dei dati della tabella es_extended.vehicles: ~240 rows (circa)
INSERT INTO `vehicles` (`name`, `model`, `price`, `category`) VALUES
	('Blade', 'blade', 15000, 'muscle'),
	('Buccaneer', 'buccaneer', 18000, 'muscle'),
	('Buccaneer Rider', 'buccaneer2', 24000, 'muscle'),
	('Chino', 'chino', 15000, 'muscle'),
	('Chino Luxe', 'chino2', 19000, 'muscle'),
	('Coquette BlackFin', 'coquette3', 55000, 'muscle'),
	('Dominator', 'dominator', 35000, 'muscle'),
	('Dukes', 'dukes', 28000, 'muscle'),
	('Gauntlet', 'gauntlet', 30000, 'muscle'),
	('Hotknife', 'hotknife', 125000, 'muscle'),
	('Faction', 'faction', 20000, 'muscle'),
	('Faction Rider', 'faction2', 30000, 'muscle'),
	('Faction XL', 'faction3', 40000, 'muscle'),
	('Nightshade', 'nightshade', 65000, 'muscle'),
	('Phoenix', 'phoenix', 12500, 'muscle'),
	('Picador', 'picador', 18000, 'muscle'),
	('Sabre Turbo', 'sabregt', 20000, 'muscle'),
	('Sabre GT', 'sabregt2', 25000, 'muscle'),
	('Slam Van', 'slamvan3', 11500, 'muscle'),
	('Tampa', 'tampa', 16000, 'muscle'),
	('Virgo', 'virgo', 14000, 'muscle'),
	('Vigero', 'vigero', 12500, 'muscle'),
	('Voodoo', 'voodoo', 7200, 'muscle'),
	('Blista', 'blista', 8000, 'compacts'),
	('Brioso R/A', 'brioso', 18000, 'compacts'),
	('Issi', 'issi2', 10000, 'compacts'),
	('Panto', 'panto', 10000, 'compacts'),
	('Prairie', 'prairie', 12000, 'compacts'),
	('Bison', 'bison', 45000, 'vans'),
	('Bobcat XL', 'bobcatxl', 32000, 'vans'),
	('Burrito', 'burrito3', 19000, 'vans'),
	('Burrito', 'gburrito2', 29000, 'vans'),
	('Camper', 'camper', 42000, 'vans'),
	('Gang Burrito', 'gburrito', 45000, 'vans'),
	('Journey', 'journey', 6500, 'vans'),
	('Minivan', 'minivan', 13000, 'vans'),
	('Moonbeam', 'moonbeam', 18000, 'vans'),
	('Moonbeam Rider', 'moonbeam2', 35000, 'vans'),
	('Paradise', 'paradise', 19000, 'vans'),
	('Rumpo', 'rumpo', 15000, 'vans'),
	('Rumpo Trail', 'rumpo3', 19500, 'vans'),
	('Surfer', 'surfer', 12000, 'vans'),
	('Youga', 'youga', 10800, 'vans'),
	('Youga Luxuary', 'youga2', 14500, 'vans'),
	('Asea', 'asea', 5500, 'sedans'),
	('Cognoscenti', 'cognoscenti', 55000, 'sedans'),
	('Emperor', 'emperor', 8500, 'sedans'),
	('Fugitive', 'fugitive', 12000, 'sedans'),
	('Glendale', 'glendale', 6500, 'sedans'),
	('Intruder', 'intruder', 7500, 'sedans'),
	('Premier', 'premier', 8000, 'sedans'),
	('Primo Custom', 'primo2', 14000, 'sedans'),
	('Regina', 'regina', 5000, 'sedans'),
	('Schafter', 'schafter2', 25000, 'sedans'),
	('Stretch', 'stretch', 90000, 'sedans'),
	('Super Diamond', 'superd', 130000, 'sedans'),
	('Tailgater', 'tailgater', 30000, 'sedans'),
	('Warrener', 'warrener', 4000, 'sedans'),
	('Washington', 'washington', 9000, 'sedans'),
	('Baller', 'baller2', 40000, 'suvs'),
	('Baller Sport', 'baller3', 60000, 'suvs'),
	('Cavalcade', 'cavalcade2', 55000, 'suvs'),
	('Contender', 'contender', 70000, 'suvs'),
	('Dubsta', 'dubsta', 45000, 'suvs'),
	('Dubsta Luxuary', 'dubsta2', 60000, 'suvs'),
	('Fhantom', 'fq2', 17000, 'suvs'),
	('Grabger', 'granger', 50000, 'suvs'),
	('Gresley', 'gresley', 47500, 'suvs'),
	('Huntley S', 'huntley', 40000, 'suvs'),
	('Landstalker', 'landstalker', 35000, 'suvs'),
	('Mesa', 'mesa', 16000, 'suvs'),
	('Mesa Trail', 'mesa3', 40000, 'suvs'),
	('Patriot', 'patriot', 55000, 'suvs'),
	('Radius', 'radi', 29000, 'suvs'),
	('Rocoto', 'rocoto', 45000, 'suvs'),
	('Seminole', 'seminole', 25000, 'suvs'),
	('XLS', 'xls', 32000, 'suvs'),
	('Btype', 'btype', 62000, 'sportsclassics'),
	('Btype Luxe', 'btype3', 85000, 'sportsclassics'),
	('Btype Hotroad', 'btype2', 155000, 'sportsclassics'),
	('Casco', 'casco', 30000, 'sportsclassics'),
	('Coquette Classic', 'coquette2', 40000, 'sportsclassics'),
	('Manana', 'manana', 12800, 'sportsclassics'),
	('Monroe', 'monroe', 55000, 'sportsclassics'),
	('Pigalle', 'pigalle', 20000, 'sportsclassics'),
	('Stinger', 'stinger', 80000, 'sportsclassics'),
	('Stinger GT', 'stingergt', 75000, 'sportsclassics'),
	('Stirling GT', 'feltzer3', 65000, 'sportsclassics'),
	('Z-Type', 'ztype', 220000, 'sportsclassics'),
	('Bifta', 'bifta', 12000, 'offroad'),
	('Bf Injection', 'bfinjection', 16000, 'offroad'),
	('Blazer', 'blazer', 6500, 'offroad'),
	('Blazer Sport', 'blazer4', 8500, 'offroad'),
	('Brawler', 'brawler', 45000, 'offroad'),
	('Bubsta 6x6', 'dubsta3', 120000, 'offroad'),
	('Dune Buggy', 'dune', 8000, 'offroad'),
	('Guardian', 'guardian', 45000, 'offroad'),
	('Rebel', 'rebel2', 35000, 'offroad'),
	('Sandking', 'sandking', 55000, 'offroad'),
	('The Liberator', 'monster', 210000, 'offroad'),
	('Trophy Truck', 'trophytruck', 60000, 'offroad'),
	('Trophy Truck Limited', 'trophytruck2', 80000, 'offroad'),
	('Cognoscenti Cabrio', 'cogcabrio', 55000, 'coupes'),
	('Exemplar', 'exemplar', 32000, 'coupes'),
	('F620', 'f620', 40000, 'coupes'),
	('Felon', 'felon', 42000, 'coupes'),
	('Felon GT', 'felon2', 55000, 'coupes'),
	('Jackal', 'jackal', 38000, 'coupes'),
	('Oracle XS', 'oracle2', 35000, 'coupes'),
	('Sentinel', 'sentinel', 32000, 'coupes'),
	('Sentinel XS', 'sentinel2', 40000, 'coupes'),
	('Windsor', 'windsor', 95000, 'coupes'),
	('Windsor Drop', 'windsor2', 125000, 'coupes'),
	('Zion', 'zion', 36000, 'coupes'),
	('Zion Cabrio', 'zion2', 45000, 'coupes'),
	('9F', 'ninef', 65000, 'sports'),
	('9F Cabrio', 'ninef2', 80000, 'sports'),
	('Alpha', 'alpha', 60000, 'sports'),
	('Banshee', 'banshee', 70000, 'sports'),
	('Bestia GTS', 'bestiagts', 55000, 'sports'),
	('Buffalo', 'buffalo', 12000, 'sports'),
	('Buffalo S', 'buffalo2', 20000, 'sports'),
	('Carbonizzare', 'carbonizzare', 75000, 'sports'),
	('Comet', 'comet2', 65000, 'sports'),
	('Coquette', 'coquette', 65000, 'sports'),
	('Drift Tampa', 'tampa2', 80000, 'sports'),
	('Elegy', 'elegy2', 38500, 'sports'),
	('Feltzer', 'feltzer2', 55000, 'sports'),
	('Furore GT', 'furoregt', 45000, 'sports'),
	('Fusilade', 'fusilade', 40000, 'sports'),
	('Jester', 'jester', 65000, 'sports'),
	('Jester(Racecar)', 'jester2', 135000, 'sports'),
	('Khamelion', 'khamelion', 38000, 'sports'),
	('Kuruma', 'kuruma', 30000, 'sports'),
	('Lynx', 'lynx', 40000, 'sports'),
	('Mamba', 'mamba', 70000, 'sports'),
	('Massacro', 'massacro', 65000, 'sports'),
	('Massacro(Racecar)', 'massacro2', 130000, 'sports'),
	('Omnis', 'omnis', 35000, 'sports'),
	('Penumbra', 'penumbra', 28000, 'sports'),
	('Rapid GT', 'rapidgt', 35000, 'sports'),
	('Rapid GT Convertible', 'rapidgt2', 45000, 'sports'),
	('Schafter V12', 'schafter3', 50000, 'sports'),
	('Seven 70', 'seven70', 39500, 'sports'),
	('Sultan', 'sultan', 15000, 'sports'),
	('Surano', 'surano', 50000, 'sports'),
	('Tropos', 'tropos', 40000, 'sports'),
	('Verlierer', 'verlierer2', 70000, 'sports'),
	('Adder', 'adder', 900000, 'super'),
	('Banshee 900R', 'banshee2', 255000, 'super'),
	('Bullet', 'bullet', 90000, 'super'),
	('Cheetah', 'cheetah', 375000, 'super'),
	('Entity XF', 'entityxf', 425000, 'super'),
	('ETR1', 'sheava', 220000, 'super'),
	('FMJ', 'fmj', 185000, 'super'),
	('Infernus', 'infernus', 180000, 'super'),
	('Osiris', 'osiris', 160000, 'super'),
	('Pfister', 'pfister811', 85000, 'super'),
	('RE-7B', 'le7b', 325000, 'super'),
	('Reaper', 'reaper', 150000, 'super'),
	('Sultan RS', 'sultanrs', 65000, 'super'),
	('T20', 't20', 300000, 'super'),
	('Turismo R', 'turismor', 350000, 'super'),
	('Tyrus', 'tyrus', 600000, 'super'),
	('Vacca', 'vacca', 120000, 'super'),
	('Voltic', 'voltic', 90000, 'super'),
	('X80 Proto', 'prototipo', 2500000, 'super'),
	('Zentorno', 'zentorno', 1500000, 'super'),
	('Akuma', 'AKUMA', 7500, 'motorcycles'),
	('Avarus', 'avarus', 18000, 'motorcycles'),
	('Bagger', 'bagger', 13500, 'motorcycles'),
	('Bati 801', 'bati', 12000, 'motorcycles'),
	('Bati 801RR', 'bati2', 19000, 'motorcycles'),
	('BF400', 'bf400', 6500, 'motorcycles'),
	('BMX (velo)', 'bmx', 160, 'motorcycles'),
	('Carbon RS', 'carbonrs', 18000, 'motorcycles'),
	('Chimera', 'chimera', 38000, 'motorcycles'),
	('Cliffhanger', 'cliffhanger', 9500, 'motorcycles'),
	('Cruiser (velo)', 'cruiser', 510, 'motorcycles'),
	('Daemon', 'daemon', 11500, 'motorcycles'),
	('Daemon High', 'daemon2', 13500, 'motorcycles'),
	('Defiler', 'defiler', 9800, 'motorcycles'),
	('Double T', 'double', 28000, 'motorcycles'),
	('Enduro', 'enduro', 5500, 'motorcycles'),
	('Esskey', 'esskey', 4200, 'motorcycles'),
	('Faggio', 'faggio', 1900, 'motorcycles'),
	('Vespa', 'faggio2', 2800, 'motorcycles'),
	('Fixter (velo)', 'fixter', 225, 'motorcycles'),
	('Gargoyle', 'gargoyle', 16500, 'motorcycles'),
	('Hakuchou', 'hakuchou', 31000, 'motorcycles'),
	('Hakuchou Sport', 'hakuchou2', 55000, 'motorcycles'),
	('Hexer', 'hexer', 12000, 'motorcycles'),
	('Innovation', 'innovation', 23500, 'motorcycles'),
	('Manchez', 'manchez', 5300, 'motorcycles'),
	('Nemesis', 'nemesis', 5800, 'motorcycles'),
	('Nightblade', 'nightblade', 35000, 'motorcycles'),
	('PCJ-600', 'pcj', 6200, 'motorcycles'),
	('Ruffian', 'ruffian', 6800, 'motorcycles'),
	('Sanchez', 'sanchez', 5300, 'motorcycles'),
	('Sanchez Sport', 'sanchez2', 5300, 'motorcycles'),
	('Sanctus', 'sanctus', 25000, 'motorcycles'),
	('Scorcher (velo)', 'scorcher', 280, 'motorcycles'),
	('Sovereign', 'sovereign', 22000, 'motorcycles'),
	('Shotaro Concept', 'shotaro', 320000, 'motorcycles'),
	('Thrust', 'thrust', 24000, 'motorcycles'),
	('Tri bike (velo)', 'tribike3', 520, 'motorcycles'),
	('Vader', 'vader', 7200, 'motorcycles'),
	('Vortex', 'vortex', 9800, 'motorcycles'),
	('Woflsbane', 'wolfsbane', 9000, 'motorcycles'),
	('Zombie', 'zombiea', 9500, 'motorcycles'),
	('Zombie Luxuary', 'zombieb', 12000, 'motorcycles'),
	('blazer5', 'blazer5', 1755600, 'offroad'),
	('Ruiner 2', 'ruiner2', 5745600, 'muscle'),
	('Voltic 2', 'voltic2', 3830400, 'super'),
	('Ardent', 'ardent', 1150000, 'sportsclassics'),
	('Oppressor', 'oppressor', 3524500, 'super'),
	('Visione', 'visione', 2250000, 'super'),
	('Retinue', 'retinue', 615000, 'sportsclassics'),
	('Cyclone', 'cyclone', 1890000, 'super'),
	('Rapid GT3', 'rapidgt3', 885000, 'sportsclassics'),
	('raiden', 'raiden', 1375000, 'sports'),
	('Yosemite', 'yosemite', 485000, 'muscle'),
	('Deluxo', 'deluxo', 4721500, 'sportsclassics'),
	('Pariah', 'pariah', 1420000, 'sports'),
	('Stromberg', 'stromberg', 3185350, 'sports'),
	('SC 1', 'sc1', 1603000, 'super'),
	('riata', 'riata', 380000, 'offroad'),
	('Hermes', 'hermes', 535000, 'muscle'),
	('Savestra', 'savestra', 990000, 'sportsclassics'),
	('Streiter', 'streiter', 500000, 'sports'),
	('Kamacho', 'kamacho', 345000, 'offroad'),
	('GT 500', 'gt500', 785000, 'sportsclassics'),
	('Z190', 'z190', 900000, 'sportsclassics'),
	('Viseris', 'viseris', 875000, 'sportsclassics'),
	('Autarch', 'autarch', 1955000, 'super'),
	('Comet 5', 'comet5', 1145000, 'sports'),
	('Neon', 'neon', 1500000, 'sports'),
	('Revolter', 'revolter', 1610000, 'sports'),
	('Sentinel3', 'sentinel3', 650000, 'sports'),
	('Hustler', 'hustler', 625000, 'muscle');

-- Dump della struttura di tabella es_extended.vehicle_categories
CREATE TABLE IF NOT EXISTS `vehicle_categories` (
  `name` varchar(60) NOT NULL,
  `label` varchar(60) NOT NULL,
  PRIMARY KEY (`name`)
) ENGINE=InnoDB DEFAULT CHARSET=utf8mb4 COLLATE=utf8mb4_general_ci;

-- Dump dei dati della tabella es_extended.vehicle_categories: ~11 rows (circa)
INSERT INTO `vehicle_categories` (`name`, `label`) VALUES
	('compacts', 'Compacts'),
	('coupes', 'Coupes'),
	('motorcycles', 'Motos'),
	('muscle', 'Muscle'),
	('offroad', 'Off Road'),
	('sedans', 'Sedans'),
	('sports', 'Sports'),
	('sportsclassics', 'Sports Classics'),
	('super', 'Super'),
	('suvs', 'SUVs'),
	('vans', 'Vans');

-- Dump della struttura di tabella es_extended.vehicle_sold
CREATE TABLE IF NOT EXISTS `vehicle_sold` (
  `client` varchar(50) NOT NULL,
  `model` varchar(50) NOT NULL,
  `plate` varchar(50) NOT NULL,
  `soldby` varchar(50) NOT NULL,
  `date` varchar(50) NOT NULL,
  PRIMARY KEY (`plate`)
) ENGINE=InnoDB DEFAULT CHARSET=utf8mb4 COLLATE=utf8mb4_general_ci;

-- Dump dei dati della tabella es_extended.vehicle_sold: ~0 rows (circa)

/*!40103 SET TIME_ZONE=IFNULL(@OLD_TIME_ZONE, 'system') */;
/*!40101 SET SQL_MODE=IFNULL(@OLD_SQL_MODE, '') */;
/*!40014 SET FOREIGN_KEY_CHECKS=IFNULL(@OLD_FOREIGN_KEY_CHECKS, 1) */;
/*!40101 SET CHARACTER_SET_CLIENT=@OLD_CHARACTER_SET_CLIENT */;
/*!40111 SET SQL_NOTES=IFNULL(@OLD_SQL_NOTES, 1) */;
