-- --------------------------------------------------------
-- Host:                         127.0.0.1
-- Versione server:              10.4.32-MariaDB - mariadb.org binary distribution
-- S.O. server:                  Win64 (AMD64)
-- HeidiSQL Versione:            12.10.0.7000
-- --------------------------------------------------------

/*!40101 SET @OLD_CHARACTER_SET_CLIENT=@@CHARACTER_SET_CLIENT */;
/*!40101 SET NAMES utf8 */;
/*!50503 SET NAMES utf8mb4 */;
/*!40103 SET @OLD_TIME_ZONE=@@TIME_ZONE */;
/*!40103 SET TIME_ZONE='+00:00' */;
/*!40014 SET @OLD_FOREIGN_KEY_CHECKS=@@FOREIGN_KEY_CHECKS, FOREIGN_KEY_CHECKS=0 */;
/*!40101 SET @OLD_SQL_MODE=@@SQL_MODE, SQL_MODE='NO_AUTO_VALUE_ON_ZERO' */;
/*!40111 SET @OLD_SQL_NOTES=@@SQL_NOTES, SQL_NOTES=0 */;


-- Dump della struttura del database es_extended
CREATE DATABASE IF NOT EXISTS `es_extended` /*!40100 DEFAULT CHARACTER SET utf8mb4 COLLATE utf8mb4_general_ci */;
USE `es_extended`;

-- Dump della struttura di tabella es_extended.addon_account
CREATE TABLE IF NOT EXISTS `addon_account` (
  `name` varchar(60) NOT NULL,
  `label` varchar(100) NOT NULL,
  `shared` int(11) NOT NULL,
  PRIMARY KEY (`name`)
) ENGINE=InnoDB DEFAULT CHARSET=utf8mb4 COLLATE=utf8mb4_general_ci;

-- Dump dei dati della tabella es_extended.addon_account: ~13 rows (circa)
INSERT INTO `addon_account` (`name`, `label`, `shared`) VALUES
	('bank_savings', 'Savings account', 0),
	('caution', 'caution', 0),
	('society_ambulance', 'EMS', 1),
	('society_ammu', 'Ammu', 1),
	('society_baker', 'Baker', 1),
	('society_ballas', 'Ballas', 1),
	('society_banker', 'Bank', 1),
	('society_cardealer', 'Cardealer', 1),
	('society_import', 'Import', 1),
	('society_mechanic', 'Mechanic', 1),
	('society_police', 'Police', 1),
	('society_taxi', 'Taxi', 1),
	('society_unicorn', 'Unicorn', 1);

-- Dump della struttura di tabella es_extended.addon_account_data
CREATE TABLE IF NOT EXISTS `addon_account_data` (
  `id` int(11) NOT NULL AUTO_INCREMENT,
  `account_name` varchar(100) DEFAULT NULL,
  `money` int(11) NOT NULL,
  `owner` varchar(46) DEFAULT NULL,
  PRIMARY KEY (`id`),
  UNIQUE KEY `index_addon_account_data_account_name_owner` (`account_name`,`owner`),
  KEY `index_addon_account_data_account_name` (`account_name`)
) ENGINE=InnoDB AUTO_INCREMENT=43 DEFAULT CHARSET=utf8mb4 COLLATE=utf8mb4_general_ci;

-- Dump dei dati della tabella es_extended.addon_account_data: ~13 rows (circa)
INSERT INTO `addon_account_data` (`id`, `account_name`, `money`, `owner`) VALUES
	(4, 'society_mechanic', 0, NULL),
	(9, 'society_ambulance', 0, NULL),
	(10, 'society_ammu', 0, NULL),
	(11, 'society_baker', 0, NULL),
	(12, 'society_ballas', 0, NULL),
	(13, 'society_banker', 0, NULL),
	(14, 'society_cardealer', 0, NULL),
	(17, 'society_import', 0, NULL),
	(18, 'society_police', 0, NULL),
	(19, 'society_taxi', 0, NULL),
	(20, 'society_unicorn', 0, NULL),
	(21, 'caution', 0, ''),
	(22, 'bank_savings', 0, '');

-- Dump della struttura di tabella es_extended.addon_inventory
CREATE TABLE IF NOT EXISTS `addon_inventory` (
  `name` varchar(60) NOT NULL,
  `label` varchar(100) NOT NULL,
  `shared` int(11) NOT NULL,
  PRIMARY KEY (`name`)
) ENGINE=InnoDB DEFAULT CHARSET=utf8mb4 COLLATE=utf8mb4_general_ci;

-- Dump dei dati della tabella es_extended.addon_inventory: ~10 rows (circa)
INSERT INTO `addon_inventory` (`name`, `label`, `shared`) VALUES
	('society_ambulance', 'EMS', 1),
	('society_ammu', 'Ammu', 1),
	('society_baker', 'Baker', 1),
	('society_ballas', 'Ballas', 1),
	('society_cardealer', 'Cardealer', 1),
	('society_import', 'Import', 1),
	('society_mechanic', 'Mechanic', 1),
	('society_police', 'Police', 1),
	('society_taxi', 'Taxi', 1),
	('society_unicorn', 'Unicorn', 1);

-- Dump della struttura di tabella es_extended.addon_inventory_items
CREATE TABLE IF NOT EXISTS `addon_inventory_items` (
  `id` int(11) NOT NULL AUTO_INCREMENT,
  `inventory_name` varchar(100) NOT NULL,
  `name` varchar(100) NOT NULL,
  `count` int(11) NOT NULL,
  `owner` varchar(46) DEFAULT NULL,
  PRIMARY KEY (`id`),
  KEY `index_addon_inventory_items_inventory_name_name` (`inventory_name`,`name`),
  KEY `index_addon_inventory_items_inventory_name_name_owner` (`inventory_name`,`name`,`owner`),
  KEY `index_addon_inventory_inventory_name` (`inventory_name`)
) ENGINE=InnoDB DEFAULT CHARSET=utf8mb4 COLLATE=utf8mb4_general_ci;

-- Dump dei dati della tabella es_extended.addon_inventory_items: ~0 rows (circa)

-- Dump della struttura di tabella es_extended.banking
CREATE TABLE IF NOT EXISTS `banking` (
  `identifier` varchar(46) DEFAULT NULL,
  `type` varchar(50) DEFAULT NULL,
  `amount` int(64) DEFAULT NULL,
  `time` bigint(20) DEFAULT NULL,
  `ID` int(11) NOT NULL AUTO_INCREMENT,
  `balance` int(11) DEFAULT 0,
  `label` varchar(255) DEFAULT NULL,
  PRIMARY KEY (`ID`)
) ENGINE=InnoDB AUTO_INCREMENT=8 DEFAULT CHARSET=utf8mb4 COLLATE=utf8mb4_general_ci;

-- Dump dei dati della tabella es_extended.banking: ~0 rows (circa)

-- Dump della struttura di tabella es_extended.billing
CREATE TABLE IF NOT EXISTS `billing` (
  `id` int(11) NOT NULL AUTO_INCREMENT,
  `identifier` varchar(46) DEFAULT NULL,
  `sender` varchar(60) NOT NULL,
  `target_type` varchar(50) NOT NULL,
  `target` varchar(40) NOT NULL,
  `label` varchar(255) NOT NULL,
  `amount` int(11) NOT NULL,
  PRIMARY KEY (`id`)
) ENGINE=InnoDB DEFAULT CHARSET=utf8mb4 COLLATE=utf8mb4_general_ci;

-- Dump dei dati della tabella es_extended.billing: ~0 rows (circa)

-- Dump della struttura di tabella es_extended.bpt_doorlock
CREATE TABLE IF NOT EXISTS `bpt_doorlock` (
  `id` int(11) unsigned NOT NULL AUTO_INCREMENT,
  `name` varchar(50) NOT NULL,
  `data` longtext NOT NULL,
  PRIMARY KEY (`id`)
) ENGINE=InnoDB AUTO_INCREMENT=47 DEFAULT CHARSET=utf8mb4 COLLATE=utf8mb4_general_ci;

-- Dump dei dati della tabella es_extended.bpt_doorlock: ~43 rows (circa)
INSERT INTO `bpt_doorlock` (`id`, `name`, `data`) VALUES
	(1, 'community_mrpd 1', '{"coords":{"x":434.7478942871094,"y":-981.916748046875,"z":30.83926963806152},"groups":{"police":0,"offpolice":0},"maxDistance":2.5,"state":0,"doors":[{"coords":{"x":434.7478942871094,"y":-980.618408203125,"z":30.83926963806152},"model":-1215222675,"heading":270},{"coords":{"x":434.7478942871094,"y":-983.215087890625,"z":30.83926963806152},"model":320433149,"heading":270}],"hideUi":false}'),
	(2, 'community_mrpd 2', '{"coords":{"x":468.6697998046875,"y":-1014.4520263671875,"z":26.53623962402343},"groups":{"police":0},"maxDistance":2.5,"state":1,"doors":[{"coords":{"x":469.9679870605469,"y":-1014.4520263671875,"z":26.53623962402343},"model":-2023754432,"heading":180},{"coords":{"x":467.3716125488281,"y":-1014.4520263671875,"z":26.53623962402343},"model":-2023754432,"heading":0}],"hideUi":false}'),
	(3, 'community_mrpd 3', '{"coords":{"x":463.4783020019531,"y":-1003.5380249023438,"z":25.00598907470703},"model":-1033001619,"groups":{"police":0},"heading":0,"maxDistance":2,"state":1,"hideUi":false}'),
	(4, 'community_mrpd 4', '{"coords":{"x":488.8948059082031,"y":-1017.2100219726563,"z":27.14863014221191},"auto":true,"lockSound":"button-remote","groups":{"police":0},"heading":90,"maxDistance":5,"state":1,"model":-1603817716,"hideUi":false}'),
	(5, 'community_mrpd 5', '{"coords":{"x":431.4056091308594,"y":-1001.1690063476563,"z":26.71261024475097},"auto":true,"lockSound":"button-remote","groups":{"police":0},"heading":0,"maxDistance":5,"state":1,"model":-190780785,"hideUi":false}'),
	(6, 'community_mrpd 6', '{"coords":{"x":436.223388671875,"y":-1001.1690063476563,"z":26.71261024475097},"auto":true,"lockSound":"button-remote","groups":{"police":0},"heading":0,"maxDistance":5,"state":1,"model":-190780785,"hideUi":false}'),
	(7, 'community_mrpd 7', '{"coords":{"x":450.10418701171877,"y":-985.7384033203125,"z":30.83930969238281},"model":1557126584,"groups":{"police":0,"offpolice":0},"heading":90,"maxDistance":2,"state":1,"hideUi":false}'),
	(8, 'community_mrpd 8', '{"coords":{"x":464.15838623046877,"y":-1011.260009765625,"z":33.01121139526367},"model":507213820,"groups":{"police":0},"heading":0,"maxDistance":2,"state":1,"hideUi":false}'),
	(9, 'community_mrpd 9', '{"coords":{"x":461.2864990234375,"y":-985.3206176757813,"z":30.83926963806152},"model":749848321,"groups":{"police":0},"heading":90,"maxDistance":2,"state":1,"hideUi":false}'),
	(10, 'community_mrpd 10', '{"coords":{"x":446.57281494140627,"y":-980.0106201171875,"z":30.83930969238281},"model":-1320876379,"groups":{"police":0},"heading":180,"maxDistance":2,"state":1,"hideUi":false}'),
	(11, 'community_mrpd 11', '{"coords":{"x":453.09381103515627,"y":-983.2293701171875,"z":30.83926963806152},"model":-1033001619,"groups":{"police":0},"heading":91,"maxDistance":2,"state":1,"hideUi":false}'),
	(12, 'community_mrpd 12', '{"coords":{"x":464.36138916015627,"y":-984.677978515625,"z":43.83443832397461},"model":-340230128,"groups":{"police":0},"heading":90,"maxDistance":2,"state":1,"hideUi":false}'),
	(13, 'community_mrpd 13', '{"coords":{"x":442.6625061035156,"y":-988.2412719726563,"z":26.81977081298828},"model":-131296141,"groups":{"police":0},"heading":179,"maxDistance":2,"state":1,"hideUi":false}'),
	(14, 'community_mrpd 14', '{"coords":{"x":471.3153991699219,"y":-986.1090698242188,"z":25.05794906616211},"model":-131296141,"groups":{"police":0},"heading":270,"maxDistance":2,"state":1,"hideUi":false}'),
	(15, 'community_mrpd 15', '{"coords":{"x":467.5935974121094,"y":-977.9932861328125,"z":25.05794906616211},"model":-131296141,"groups":{"police":0},"heading":180,"maxDistance":2,"state":1,"hideUi":false}'),
	(16, 'community_mrpd 16', '{"coords":{"x":463.6145935058594,"y":-980.5814208984375,"z":25.05794906616211},"model":-131296141,"groups":{"police":0},"heading":90,"maxDistance":2,"state":1,"hideUi":false}'),
	(17, 'community_mrpd 17', '{"coords":{"x":464.5701904296875,"y":-992.6641235351563,"z":25.0644302368164},"model":631614199,"lockSound":"metal-locker","groups":{"police":0},"heading":0,"maxDistance":2,"state":1,"unlockSound":"metallic-creak","hideUi":false}'),
	(18, 'community_mrpd 18', '{"coords":{"x":461.8064880371094,"y":-994.4086303710938,"z":25.0644302368164},"model":631614199,"lockSound":"metal-locker","groups":{"police":0},"heading":270,"maxDistance":2,"state":1,"unlockSound":"metallic-creak","hideUi":false}'),
	(19, 'community_mrpd 19', '{"coords":{"x":461.8064880371094,"y":-997.6583862304688,"z":25.0644302368164},"model":631614199,"lockSound":"metal-locker","groups":{"police":0},"heading":90,"maxDistance":2,"state":1,"unlockSound":"metallic-creak","hideUi":false}'),
	(20, 'community_mrpd 20', '{"coords":{"x":461.8064880371094,"y":-1001.302001953125,"z":25.0644302368164},"model":631614199,"lockSound":"metal-locker","groups":{"police":0},"heading":90,"maxDistance":2,"state":1,"unlockSound":"metallic-creak","hideUi":false}'),
	(21, 'community_mrpd 21', '{"coords":{"x":467.19219970703127,"y":-996.4594116210938,"z":25.00598907470703},"model":-1033001619,"groups":{"police":0},"heading":0,"maxDistance":2,"state":1,"hideUi":false}'),
	(22, 'community_mrpd 22', '{"coords":{"x":471.4754943847656,"y":-996.4594116210938,"z":25.00598907470703},"model":-1033001619,"groups":{"police":0},"heading":0,"maxDistance":2,"state":1,"hideUi":false}'),
	(23, 'community_mrpd 23', '{"coords":{"x":475.7543029785156,"y":-996.4594116210938,"z":25.00598907470703},"model":-1033001619,"groups":{"police":0},"heading":0,"maxDistance":2,"state":1,"hideUi":false}'),
	(24, 'community_mrpd 24', '{"coords":{"x":480.03009033203127,"y":-996.4594116210938,"z":25.00598907470703},"model":-1033001619,"groups":{"police":0},"heading":0,"maxDistance":2,"state":1,"hideUi":false}'),
	(25, 'community_mrpd 25', '{"coords":{"x":468.4872131347656,"y":-1003.5479736328125,"z":25.01313972473144},"model":-1033001619,"groups":{"police":0},"heading":180,"maxDistance":2,"state":1,"hideUi":false}'),
	(26, 'community_mrpd 26', '{"coords":{"x":471.4747009277344,"y":-1003.5380249023438,"z":25.01222991943359},"model":-1033001619,"groups":{"police":0},"heading":0,"maxDistance":2,"state":1,"hideUi":false}'),
	(27, 'community_mrpd 27', '{"coords":{"x":477.0495910644531,"y":-1003.552001953125,"z":25.01203918457031},"auto":false,"groups":{"police":0},"heading":179,"lockpick":false,"maxDistance":2,"state":1,"model":-1033001619,"hideUi":false}'),
	(28, 'community_mrpd 28', '{"coords":{"x":480.03009033203127,"y":-1003.5380249023438,"z":25.00598907470703},"model":-1033001619,"groups":{"police":0},"heading":0,"maxDistance":2,"state":1,"hideUi":false}'),
	(29, 'community_mrpd 29', '{"coords":{"x":444.7078857421875,"y":-989.4453735351563,"z":30.83930969238281},"groups":{"police":0},"maxDistance":2.5,"state":1,"doors":[{"coords":{"x":443.4078063964844,"y":-989.4453735351563,"z":30.83930969238281},"model":185711165,"heading":180},{"coords":{"x":446.00799560546877,"y":-989.4453735351563,"z":30.83930969238281},"model":185711165,"heading":0}],"hideUi":false}'),
	(30, 'community_mrpd 30', '{"coords":{"x":445.9197998046875,"y":-999.0016479492188,"z":30.7890396118164},"groups":{"police":0},"maxDistance":2.5,"state":1,"doors":[{"coords":{"x":447.2184143066406,"y":-999.0023193359375,"z":30.78941917419433},"model":-1033001619,"heading":180},{"coords":{"x":444.6211853027344,"y":-999.0009765625,"z":30.78866004943847},"model":-1033001619,"heading":0}],"hideUi":false}'),
	(31, 'community_mrpd 31', '{"coords":{"x":445.9298400878906,"y":-997.044677734375,"z":30.84351921081543},"groups":{"police":0},"maxDistance":2.5,"state":0,"doors":[{"coords":{"x":444.62939453125,"y":-997.044677734375,"z":30.84351921081543},"model":-2023754432,"heading":0},{"coords":{"x":447.23028564453127,"y":-997.044677734375,"z":30.84351921081543},"model":-2023754432,"heading":180}],"hideUi":false}'),
	(32, 'mrpd locker rooms', '{"maxDistance":2,"heading":90,"coords":{"x":450.1041259765625,"y":-985.7384033203125,"z":30.83930206298828},"groups":{"police":0},"state":1,"model":1557126584,"hideUi":false}'),
	(33, 'mrpd cells/briefing', '{"maxDistance":2,"coords":{"x":444.7078552246094,"y":-989.4454345703125,"z":30.83930206298828},"doors":[{"model":185711165,"coords":{"x":446.0079345703125,"y":-989.4454345703125,"z":30.83930206298828},"heading":0},{"model":185711165,"coords":{"x":443.40777587890627,"y":-989.4454345703125,"z":30.83930206298828},"heading":180}],"groups":{"police":0},"state":1,"hideUi":false}'),
	(34, 'mrpd cell 3', '{"maxDistance":2,"heading":90,"coords":{"x":461.8065185546875,"y":-1001.9515380859375,"z":25.06442832946777},"lockSound":"metal-locker","groups":{"police":0},"state":1,"unlockSound":"metallic-creak","model":631614199,"hideUi":false}'),
	(35, 'mrpd back entrance', '{"maxDistance":2,"coords":{"x":468.6697692871094,"y":-1014.4520263671875,"z":26.5362319946289},"doors":[{"model":-2023754432,"coords":{"x":467.37164306640627,"y":-1014.4520263671875,"z":26.5362319946289},"heading":0},{"model":-2023754432,"coords":{"x":469.9678955078125,"y":-1014.4520263671875,"z":26.5362319946289},"heading":180}],"groups":{"police":0},"state":1,"hideUi":false}'),
	(36, 'mrpd cells security door', '{"maxDistance":2,"heading":0,"coords":{"x":464.1282958984375,"y":-1003.5386962890625,"z":25.00598907470703},"autolock":5,"groups":{"police":0},"state":1,"model":-1033001619,"hideUi":false}'),
	(37, 'mrpd cell 2', '{"maxDistance":2,"heading":90,"coords":{"x":461.8064880371094,"y":-998.3082885742188,"z":25.06442832946777},"lockSound":"metal-locker","groups":{"police":0},"state":1,"unlockSound":"metallic-creak","model":631614199,"hideUi":false}'),
	(38, 'mrpd captain\'s office', '{"maxDistance":2,"heading":180,"coords":{"x":446.57281494140627,"y":-980.0105590820313,"z":30.83930206298828},"groups":{"police":0},"state":1,"model":-1320876379,"hideUi":false}'),
	(39, 'mrpd gate', '{"maxDistance":6,"heading":90,"coords":{"x":488.894775390625,"y":-1017.2102661132813,"z":27.14714050292968},"groups":{"police":0},"auto":true,"state":1,"model":-1603817716,"hideUi":false}'),
	(40, 'mrpd cell 1', '{"maxDistance":2,"heading":270,"coords":{"x":461.8065185546875,"y":-993.7586059570313,"z":25.06442832946777},"lockSound":"metal-locker","groups":{"police":0},"state":1,"unlockSound":"metallic-creak","model":631614199,"hideUi":false}'),
	(41, 'mrpd cells main', '{"maxDistance":2,"heading":360,"coords":{"x":463.92010498046877,"y":-992.6640625,"z":25.06442832946777},"lockSound":"metal-locker","groups":{"police":0},"state":1,"unlockSound":"metallic-creak","model":631614199,"hideUi":false}'),
	(42, 'mrpd armoury', '{"maxDistance":2,"heading":270,"coords":{"x":453.08428955078127,"y":-982.5794677734375,"z":30.81926536560058},"autolock":5,"groups":{"police":0},"state":1,"model":749848321,"hideUi":false}'),
	(43, 'vec3(441.900482, -998.746216, 30.815304)', '{"maxDistance":2,"hideUi":true,"coords":{"x":441.9004821777344,"y":-998.7462158203125,"z":30.81530380249023},"doors":[{"heading":0,"model":-1547307588,"coords":{"x":440.73919677734377,"y":-998.7462158203125,"z":30.81530380249023}},{"heading":180,"model":-1547307588,"coords":{"x":443.061767578125,"y":-998.7462158203125,"z":30.81530380249023}}],"auto":true,"state":1}');

-- Dump della struttura di tabella es_extended.bpt_items
CREATE TABLE IF NOT EXISTS `bpt_items` (
  `name` text DEFAULT NULL,
  `label` text DEFAULT NULL
) ENGINE=InnoDB DEFAULT CHARSET=utf8mb4 COLLATE=utf8mb4_general_ci;

-- Dump dei dati della tabella es_extended.bpt_items: ~60 rows (circa)
INSERT INTO `bpt_items` (`name`, `label`) VALUES
	('bandage', 'bandage'),
	('cottonforbandages', 'cottonforbandages'),
	('cotton', 'cotton'),
	('ironsheet', 'ironsheet'),
	('steelsheet', 'steelsheet'),
	('garbage', 'garbage'),
	('WEAPON_APPISTOL', 'WEAPON APPISTOL'),
	('iron', 'iron'),
	('hammer', 'hammer'),
	('wood', 'Legna'),
	('fixkit', 'fixkit'),
	('almondmilk', 'almondmilk'),
	('ice', 'ice'),
	('water', 'water'),
	('almonds', 'almonds'),
	('chips', 'chips'),
	('slicedchips', 'slicedchips'),
	('potato', 'patato'),
	('trash_can', 'trash can'),
	('recycled_paper', 'recycled paper'),
	('paper', 'paper'),
	('newspaper', 'newspaper'),
	('trash_burgershot', 'trash burgershot'),
	('cigarette_paper', 'cigarette paper'),
	('cigarrette_opium', 'cigarrette opium'),
	('opium', 'opium'),
	('copper', 'copper'),
	('gold', 'gold'),
	('gunpowder', 'gunpowder'),
	('ammo-sniper', '7.62 NATO'),
	('grain', 'grain'),
	('flour', 'flour'),
	('bread', 'empty sandwich'),
	('ammo-9', '9mm'),
	('WEAPON_KNIFE', 'Knife'),
	('WEAPON_KNUCKLE', 'KNUCKLE'),
	('steel', 'steel'),
	('plastic_bag', 'Plastic bag'),
	('recycled_plastic', 'Recycled plastic'),
	('WEAPON_NIGHTSTICK', 'NIGHTSTICK'),
	('WEAPON_PISTOL', 'Pistol'),
	('marijuana', 'marijuana'),
	('cannabis', 'Cannabis'),
	('diamond_tip', 'Diamond tip'),
	('diamond', 'Diamond'),
	('marijuana_extract', 'Marijuana extract'),
	('medikit', 'Medikit'),
	('salmon_fillet', 'Salmon Fillet'),
	('armour', 'armour'),
	('WEAPON_FLASHLIGHT', 'WEAPON FLASHLIGHT'),
	('contract', 'Contract'),
	('at_suppressor_light', 'Suppressor'),
	('WEAPON_COMBATSHOTGUN', 'WEAPON COMBATSHOTGUN'),
	('ammo-shotgun', 'ammo shotgun'),
	('salmon', 'Salmon'),
	('fries', 'fries'),
	('fry_oil', 'fry oil'),
	('grilled_salmon', 'grilled salmon'),
	('WEAPON_PISTOL_MK2', 'WEAPON PISTOL MK2'),
	('at_skin_luxe', 'Tint Gold');

-- Dump della struttura di tabella es_extended.cardealer_vehicles
CREATE TABLE IF NOT EXISTS `cardealer_vehicles` (
  `id` int(11) NOT NULL AUTO_INCREMENT,
  `vehicle` varchar(255) NOT NULL,
  `price` int(11) NOT NULL,
  PRIMARY KEY (`id`)
) ENGINE=InnoDB AUTO_INCREMENT=6 DEFAULT CHARSET=utf8mb4 COLLATE=utf8mb4_general_ci;

-- Dump dei dati della tabella es_extended.cardealer_vehicles: ~0 rows (circa)

-- Dump della struttura di tabella es_extended.car_parking
CREATE TABLE IF NOT EXISTS `car_parking` (
  `id` int(10) NOT NULL AUTO_INCREMENT,
  `owner` varchar(46) DEFAULT NULL,
  `plate` varchar(255) NOT NULL,
  `data` longtext DEFAULT NULL,
  `time` bigint(20) NOT NULL,
  `parking` varchar(255) NOT NULL,
  PRIMARY KEY (`id`) USING BTREE
) ENGINE=InnoDB AUTO_INCREMENT=7 DEFAULT CHARSET=utf8mb4 COLLATE=utf8mb4_unicode_ci ROW_FORMAT=DYNAMIC;

-- Dump dei dati della tabella es_extended.car_parking: ~0 rows (circa)

-- Dump della struttura di tabella es_extended.datastore
CREATE TABLE IF NOT EXISTS `datastore` (
  `name` varchar(60) NOT NULL,
  `label` varchar(100) NOT NULL,
  `shared` int(11) NOT NULL,
  PRIMARY KEY (`name`)
) ENGINE=InnoDB DEFAULT CHARSET=utf8mb4 COLLATE=utf8mb4_general_ci;

-- Dump dei dati della tabella es_extended.datastore: ~14 rows (circa)
INSERT INTO `datastore` (`name`, `label`, `shared`) VALUES
	('property', 'Property', 0),
	('society_ambulance', 'EMS', 1),
	('society_ammu', 'Ammu', 1),
	('society_baker', 'Baker', 1),
	('society_ballas', 'Ballas', 1),
	('society_import', 'Import', 1),
	('society_mechanic', 'Mechanic', 1),
	('society_police', 'Police', 1),
	('society_taxi', 'Taxi', 1),
	('society_unicorn', 'Unicorn', 1),
	('user_ears', 'Ears', 0),
	('user_glasses', 'Glasses', 0),
	('user_helmet', 'Helmet', 0),
	('user_mask', 'Mask', 0);

-- Dump della struttura di tabella es_extended.datastore_data
CREATE TABLE IF NOT EXISTS `datastore_data` (
  `id` int(11) NOT NULL AUTO_INCREMENT,
  `name` varchar(60) NOT NULL,
  `owner` varchar(46) DEFAULT NULL,
  `data` longtext DEFAULT NULL,
  PRIMARY KEY (`id`),
  UNIQUE KEY `index_datastore_data_name_owner` (`name`,`owner`),
  KEY `index_datastore_data_name` (`name`)
) ENGINE=InnoDB AUTO_INCREMENT=913 DEFAULT CHARSET=utf8mb4 COLLATE=utf8mb4_general_ci;

-- Dump dei dati della tabella es_extended.datastore_data: ~857 rows (circa)
INSERT INTO `datastore_data` (`id`, `name`, `owner`, `data`) VALUES
	(3, 'society_mechanic', NULL, '{}'),
	(5, 'property', NULL, '{}'),
	(6, 'society_ambulance', NULL, '\'{}\''),
	(7, 'society_ammu', NULL, '\'{}\''),
	(8, 'society_baker', NULL, '\'{}\''),
	(9, 'society_ballas', NULL, '\'{}\''),
	(12, 'society_import', NULL, '\'{}\''),
	(13, 'society_police', NULL, '\'{}\''),
	(14, 'society_taxi', NULL, '\'{}\''),
	(15, 'society_unicorn', NULL, '\'{}\''),
	(16, 'property', NULL, '{}'),
	(17, 'property', NULL, '{}'),
	(18, 'user_mask', '', '{}'),
	(19, 'user_ears', '', '{}'),
	(20, 'user_glasses', '', '{}'),
	(21, 'user_helmet', '', '{}'),
	(22, 'property', '', '{}'),
	(23, 'property', NULL, '{}'),
	(24, 'property', NULL, '{}'),
	(25, 'property', NULL, '{}'),
	(26, 'property', NULL, '{}'),
	(27, 'property', NULL, '{}'),
	(28, 'property', NULL, '{}'),
	(29, 'property', NULL, '{}'),
	(30, 'property', NULL, '{}'),
	(31, 'property', NULL, '{}'),
	(32, 'property', NULL, '{}'),
	(33, 'property', NULL, '{}'),
	(34, 'property', NULL, '{}'),
	(35, 'property', NULL, '{}'),
	(41, 'property', NULL, '{}'),
	(42, 'property', NULL, '{}'),
	(43, 'property', NULL, '{}'),
	(44, 'property', NULL, '{}'),
	(45, 'property', NULL, '{}'),
	(46, 'property', NULL, '{}'),
	(47, 'property', NULL, '{}'),
	(48, 'property', NULL, '{}'),
	(49, 'property', NULL, '{}'),
	(50, 'property', NULL, '{}'),
	(56, 'property', NULL, '{}'),
	(57, 'property', NULL, '{}'),
	(58, 'property', NULL, '{}'),
	(59, 'property', NULL, '{}'),
	(60, 'property', NULL, '{}'),
	(61, 'property', NULL, '{}'),
	(62, 'property', NULL, '{}'),
	(63, 'property', NULL, '{}'),
	(64, 'property', NULL, '{}'),
	(65, 'property', NULL, '{}'),
	(66, 'property', NULL, '{}'),
	(67, 'property', NULL, '{}'),
	(68, 'property', NULL, '{}'),
	(69, 'property', NULL, '{}'),
	(70, 'property', NULL, '{}'),
	(71, 'property', NULL, '{}'),
	(72, 'property', NULL, '{}'),
	(73, 'property', NULL, '{}'),
	(74, 'property', NULL, '{}'),
	(75, 'property', NULL, '{}'),
	(76, 'property', NULL, '{}'),
	(77, 'property', NULL, '{}'),
	(78, 'property', NULL, '{}'),
	(79, 'property', NULL, '{}'),
	(80, 'property', NULL, '{}'),
	(81, 'property', NULL, '{}'),
	(82, 'property', NULL, '{}'),
	(83, 'property', NULL, '{}'),
	(84, 'property', NULL, '{}'),
	(85, 'property', NULL, '{}'),
	(86, 'property', NULL, '{}'),
	(87, 'property', NULL, '{}'),
	(88, 'property', NULL, '{}'),
	(89, 'property', NULL, '{}'),
	(90, 'property', NULL, '{}'),
	(91, 'property', NULL, '{}'),
	(92, 'property', NULL, '{}'),
	(93, 'property', NULL, '{}'),
	(94, 'property', NULL, '{}'),
	(95, 'property', NULL, '{}'),
	(96, 'property', NULL, '{}'),
	(97, 'property', NULL, '{}'),
	(98, 'property', NULL, '{}'),
	(99, 'property', NULL, '{}'),
	(100, 'property', NULL, '{}'),
	(101, 'property', NULL, '{}'),
	(102, 'property', NULL, '{}'),
	(103, 'property', NULL, '{}'),
	(104, 'property', NULL, '{}'),
	(105, 'property', NULL, '{}'),
	(106, 'property', NULL, '{}'),
	(107, 'property', NULL, '{}'),
	(108, 'property', NULL, '{}'),
	(109, 'property', NULL, '{}'),
	(110, 'property', NULL, '{}'),
	(111, 'property', NULL, '{}'),
	(112, 'property', NULL, '{}'),
	(113, 'property', NULL, '{}'),
	(114, 'property', NULL, '{}'),
	(115, 'property', NULL, '{}'),
	(116, 'property', NULL, '{}'),
	(117, 'property', NULL, '{}'),
	(118, 'property', NULL, '{}'),
	(119, 'property', NULL, '{}'),
	(120, 'property', NULL, '{}'),
	(121, 'property', NULL, '{}'),
	(122, 'property', NULL, '{}'),
	(123, 'property', NULL, '{}'),
	(124, 'property', NULL, '{}'),
	(125, 'property', NULL, '{}'),
	(126, 'property', NULL, '{}'),
	(127, 'property', NULL, '{}'),
	(128, 'property', NULL, '{}'),
	(129, 'property', NULL, '{}'),
	(130, 'property', NULL, '{}'),
	(131, 'property', NULL, '{}'),
	(132, 'property', NULL, '{}'),
	(133, 'property', NULL, '{}'),
	(134, 'property', NULL, '{}'),
	(135, 'property', NULL, '{}'),
	(136, 'property', NULL, '{}'),
	(137, 'property', NULL, '{}'),
	(138, 'property', NULL, '{}'),
	(139, 'property', NULL, '{}'),
	(140, 'property', NULL, '{}'),
	(141, 'property', NULL, '{}'),
	(142, 'property', NULL, '{}'),
	(143, 'property', NULL, '{}'),
	(144, 'property', NULL, '{}'),
	(145, 'property', NULL, '{}'),
	(146, 'property', NULL, '{}'),
	(147, 'property', NULL, '{}'),
	(148, 'property', NULL, '{}'),
	(149, 'property', NULL, '{}'),
	(150, 'property', NULL, '{}'),
	(151, 'property', NULL, '{}'),
	(152, 'property', NULL, '{}'),
	(153, 'property', NULL, '{}'),
	(154, 'property', NULL, '{}'),
	(155, 'property', NULL, '{}'),
	(156, 'property', NULL, '{}'),
	(157, 'property', NULL, '{}'),
	(158, 'property', NULL, '{}'),
	(159, 'property', NULL, '{}'),
	(160, 'property', NULL, '{}'),
	(161, 'property', NULL, '{}'),
	(162, 'property', NULL, '{}'),
	(163, 'property', NULL, '{}'),
	(164, 'property', NULL, '{}'),
	(165, 'property', NULL, '{}'),
	(166, 'property', NULL, '{}'),
	(167, 'property', NULL, '{}'),
	(168, 'property', NULL, '{}'),
	(169, 'property', NULL, '{}'),
	(170, 'property', NULL, '{}'),
	(171, 'property', NULL, '{}'),
	(172, 'property', NULL, '{}'),
	(173, 'property', NULL, '{}'),
	(174, 'property', NULL, '{}'),
	(175, 'property', NULL, '{}'),
	(176, 'property', NULL, '{}'),
	(182, 'property', NULL, '{}'),
	(183, 'property', NULL, '{}'),
	(184, 'property', NULL, '{}'),
	(185, 'property', NULL, '{}'),
	(186, 'property', NULL, '{}'),
	(187, 'property', NULL, '{}'),
	(188, 'property', NULL, '{}'),
	(189, 'property', NULL, '{}'),
	(190, 'property', NULL, '{}'),
	(191, 'property', NULL, '{}'),
	(192, 'property', NULL, '{}'),
	(193, 'property', NULL, '{}'),
	(194, 'property', NULL, '{}'),
	(195, 'property', NULL, '{}'),
	(196, 'property', NULL, '{}'),
	(197, 'property', NULL, '{}'),
	(198, 'property', NULL, '{}'),
	(199, 'property', NULL, '{}'),
	(200, 'property', NULL, '{}'),
	(201, 'property', NULL, '{}'),
	(202, 'property', NULL, '{}'),
	(203, 'property', NULL, '{}'),
	(204, 'property', NULL, '{}'),
	(205, 'property', NULL, '{}'),
	(206, 'property', NULL, '{}'),
	(207, 'property', NULL, '{}'),
	(208, 'property', NULL, '{}'),
	(209, 'property', NULL, '{}'),
	(210, 'property', NULL, '{}'),
	(211, 'property', NULL, '{}'),
	(212, 'property', NULL, '{}'),
	(213, 'property', NULL, '{}'),
	(214, 'property', NULL, '{}'),
	(215, 'property', NULL, '{}'),
	(216, 'property', NULL, '{}'),
	(217, 'property', NULL, '{}'),
	(218, 'property', NULL, '{}'),
	(219, 'property', NULL, '{}'),
	(220, 'property', NULL, '{}'),
	(221, 'property', NULL, '{}'),
	(222, 'property', NULL, '{}'),
	(223, 'property', NULL, '{}'),
	(224, 'property', NULL, '{}'),
	(225, 'property', NULL, '{}'),
	(226, 'property', NULL, '{}'),
	(227, 'property', NULL, '{}'),
	(228, 'property', NULL, '{}'),
	(229, 'property', NULL, '{}'),
	(230, 'property', NULL, '{}'),
	(231, 'property', NULL, '{}'),
	(232, 'property', NULL, '{}'),
	(233, 'property', NULL, '{}'),
	(234, 'property', NULL, '{}'),
	(235, 'property', NULL, '{}'),
	(236, 'property', NULL, '{}'),
	(237, 'property', NULL, '{}'),
	(238, 'property', NULL, '{}'),
	(239, 'property', NULL, '{}'),
	(240, 'property', NULL, '{}'),
	(241, 'property', NULL, '{}'),
	(242, 'property', NULL, '{}'),
	(243, 'property', NULL, '{}'),
	(244, 'property', NULL, '{}'),
	(245, 'property', NULL, '{}'),
	(246, 'property', NULL, '{}'),
	(247, 'property', NULL, '{}'),
	(248, 'property', NULL, '{}'),
	(249, 'property', NULL, '{}'),
	(250, 'property', NULL, '{}'),
	(251, 'property', NULL, '{}'),
	(252, 'property', NULL, '{}'),
	(253, 'property', NULL, '{}'),
	(254, 'property', NULL, '{}'),
	(255, 'property', NULL, '{}'),
	(256, 'property', NULL, '{}'),
	(257, 'property', NULL, '{}'),
	(258, 'property', NULL, '{}'),
	(259, 'property', NULL, '{}'),
	(260, 'property', NULL, '{}'),
	(261, 'property', NULL, '{}'),
	(262, 'property', NULL, '{}'),
	(263, 'property', NULL, '{}'),
	(264, 'property', NULL, '{}'),
	(265, 'property', NULL, '{}'),
	(266, 'property', NULL, '{}'),
	(267, 'property', NULL, '{}'),
	(268, 'property', NULL, '{}'),
	(269, 'property', NULL, '{}'),
	(270, 'property', NULL, '{}'),
	(271, 'property', NULL, '{}'),
	(272, 'property', NULL, '{}'),
	(273, 'property', NULL, '{}'),
	(274, 'property', NULL, '{}'),
	(275, 'property', NULL, '{}'),
	(276, 'property', NULL, '{}'),
	(277, 'property', NULL, '{}'),
	(278, 'property', NULL, '{}'),
	(279, 'property', NULL, '{}'),
	(285, 'property', NULL, '{}'),
	(286, 'property', NULL, '{}'),
	(287, 'property', NULL, '{}'),
	(288, 'property', NULL, '{}'),
	(289, 'property', NULL, '{}'),
	(290, 'property', NULL, '{}'),
	(291, 'property', NULL, '{}'),
	(292, 'property', NULL, '{}'),
	(293, 'property', NULL, '{}'),
	(294, 'property', NULL, '{}'),
	(295, 'property', NULL, '{}'),
	(296, 'property', NULL, '{}'),
	(297, 'property', NULL, '{}'),
	(298, 'property', NULL, '{}'),
	(299, 'property', NULL, '{}'),
	(300, 'property', NULL, '{}'),
	(301, 'property', NULL, '{}'),
	(302, 'property', NULL, '{}'),
	(303, 'property', NULL, '{}'),
	(304, 'property', NULL, '{}'),
	(305, 'property', NULL, '{}'),
	(306, 'property', NULL, '{}'),
	(307, 'property', NULL, '{}'),
	(308, 'property', NULL, '{}'),
	(309, 'property', NULL, '{}'),
	(310, 'property', NULL, '{}'),
	(311, 'property', NULL, '{}'),
	(312, 'property', NULL, '{}'),
	(313, 'property', NULL, '{}'),
	(314, 'property', NULL, '{}'),
	(315, 'property', NULL, '{}'),
	(316, 'property', NULL, '{}'),
	(317, 'property', NULL, '{}'),
	(318, 'property', NULL, '{}'),
	(319, 'property', NULL, '{}'),
	(320, 'property', NULL, '{}'),
	(321, 'property', NULL, '{}'),
	(322, 'property', NULL, '{}'),
	(323, 'property', NULL, '{}'),
	(324, 'property', NULL, '{}'),
	(325, 'property', NULL, '{}'),
	(326, 'property', NULL, '{}'),
	(327, 'property', NULL, '{}'),
	(328, 'property', NULL, '{}'),
	(329, 'property', NULL, '{}'),
	(330, 'property', NULL, '{}'),
	(331, 'property', NULL, '{}'),
	(332, 'property', NULL, '{}'),
	(333, 'property', NULL, '{}'),
	(334, 'property', NULL, '{}'),
	(335, 'property', NULL, '{}'),
	(336, 'property', NULL, '{}'),
	(337, 'property', NULL, '{}'),
	(338, 'property', NULL, '{}'),
	(339, 'property', NULL, '{}'),
	(340, 'property', NULL, '{}'),
	(341, 'property', NULL, '{}'),
	(342, 'property', NULL, '{}'),
	(343, 'property', NULL, '{}'),
	(344, 'property', NULL, '{}'),
	(345, 'property', NULL, '{}'),
	(346, 'property', NULL, '{}'),
	(347, 'property', NULL, '{}'),
	(348, 'property', NULL, '{}'),
	(349, 'property', NULL, '{}'),
	(350, 'property', NULL, '{}'),
	(351, 'property', NULL, '{}'),
	(352, 'property', NULL, '{}'),
	(353, 'property', NULL, '{}'),
	(354, 'property', NULL, '{}'),
	(355, 'property', NULL, '{}'),
	(356, 'property', NULL, '{}'),
	(357, 'property', NULL, '{}'),
	(358, 'property', NULL, '{}'),
	(359, 'property', NULL, '{}'),
	(360, 'property', NULL, '{}'),
	(361, 'property', NULL, '{}'),
	(362, 'property', NULL, '{}'),
	(363, 'property', NULL, '{}'),
	(364, 'property', NULL, '{}'),
	(365, 'property', NULL, '{}'),
	(366, 'property', NULL, '{}'),
	(367, 'property', NULL, '{}'),
	(368, 'property', NULL, '{}'),
	(369, 'property', NULL, '{}'),
	(370, 'property', NULL, '{}'),
	(371, 'property', NULL, '{}'),
	(372, 'property', NULL, '{}'),
	(373, 'property', NULL, '{}'),
	(374, 'property', NULL, '{}'),
	(375, 'property', NULL, '{}'),
	(376, 'property', NULL, '{}'),
	(377, 'property', NULL, '{}'),
	(378, 'property', NULL, '{}'),
	(379, 'property', NULL, '{}'),
	(380, 'property', NULL, '{}'),
	(381, 'property', NULL, '{}'),
	(382, 'property', NULL, '{}'),
	(383, 'property', NULL, '{}'),
	(384, 'property', NULL, '{}'),
	(385, 'property', NULL, '{}'),
	(386, 'property', NULL, '{}'),
	(387, 'property', NULL, '{}'),
	(388, 'property', NULL, '{}'),
	(389, 'property', NULL, '{}'),
	(390, 'property', NULL, '{}'),
	(391, 'property', NULL, '{}'),
	(392, 'property', NULL, '{}'),
	(393, 'property', NULL, '{}'),
	(394, 'property', NULL, '{}'),
	(395, 'property', NULL, '{}'),
	(396, 'property', NULL, '{}'),
	(397, 'property', NULL, '{}'),
	(398, 'property', NULL, '{}'),
	(399, 'property', NULL, '{}'),
	(400, 'property', NULL, '{}'),
	(401, 'property', NULL, '{}'),
	(402, 'property', NULL, '{}'),
	(403, 'property', NULL, '{}'),
	(404, 'property', NULL, '{}'),
	(405, 'property', NULL, '{}'),
	(406, 'property', NULL, '{}'),
	(407, 'property', NULL, '{}'),
	(408, 'property', NULL, '{}'),
	(409, 'property', NULL, '{}'),
	(410, 'property', NULL, '{}'),
	(411, 'property', NULL, '{}'),
	(412, 'property', NULL, '{}'),
	(413, 'property', NULL, '{}'),
	(414, 'property', NULL, '{}'),
	(415, 'property', NULL, '{}'),
	(416, 'property', NULL, '{}'),
	(417, 'property', NULL, '{}'),
	(418, 'property', NULL, '{}'),
	(419, 'property', NULL, '{}'),
	(420, 'property', NULL, '{}'),
	(421, 'property', NULL, '{}'),
	(422, 'property', NULL, '{}'),
	(423, 'property', NULL, '{}'),
	(424, 'property', NULL, '{}'),
	(425, 'property', NULL, '{}'),
	(426, 'property', NULL, '{}'),
	(427, 'property', NULL, '{}'),
	(428, 'property', NULL, '{}'),
	(429, 'property', NULL, '{}'),
	(430, 'property', NULL, '{}'),
	(431, 'property', NULL, '{}'),
	(432, 'property', NULL, '{}'),
	(433, 'property', NULL, '{}'),
	(434, 'property', NULL, '{}'),
	(435, 'property', NULL, '{}'),
	(436, 'property', NULL, '{}'),
	(437, 'property', NULL, '{}'),
	(438, 'property', NULL, '{}'),
	(439, 'property', NULL, '{}'),
	(440, 'property', NULL, '{}'),
	(441, 'property', NULL, '{}'),
	(442, 'property', NULL, '{}'),
	(443, 'property', NULL, '{}'),
	(444, 'property', NULL, '{}'),
	(445, 'property', NULL, '{}'),
	(446, 'property', NULL, '{}'),
	(447, 'property', NULL, '{}'),
	(448, 'property', NULL, '{}'),
	(449, 'property', NULL, '{}'),
	(450, 'property', NULL, '{}'),
	(451, 'property', NULL, '{}'),
	(452, 'property', NULL, '{}'),
	(453, 'property', NULL, '{}'),
	(454, 'property', NULL, '{}'),
	(455, 'property', NULL, '{}'),
	(456, 'property', NULL, '{}'),
	(457, 'property', NULL, '{}'),
	(458, 'property', NULL, '{}'),
	(459, 'property', NULL, '{}'),
	(460, 'property', NULL, '{}'),
	(461, 'property', NULL, '{}'),
	(462, 'property', NULL, '{}'),
	(463, 'property', NULL, '{}'),
	(464, 'property', NULL, '{}'),
	(465, 'property', NULL, '{}'),
	(471, 'property', NULL, '{}'),
	(477, 'property', NULL, '{}'),
	(478, 'property', NULL, '{}'),
	(479, 'property', NULL, '{}'),
	(480, 'property', NULL, '{}'),
	(481, 'property', NULL, '{}'),
	(482, 'property', NULL, '{}'),
	(483, 'property', NULL, '{}'),
	(484, 'property', NULL, '{}'),
	(485, 'property', NULL, '{}'),
	(486, 'property', NULL, '{}'),
	(487, 'property', NULL, '{}'),
	(488, 'property', NULL, '{}'),
	(489, 'property', NULL, '{}'),
	(490, 'property', NULL, '{}'),
	(491, 'property', NULL, '{}'),
	(492, 'property', NULL, '{}'),
	(493, 'property', NULL, '{}'),
	(494, 'property', NULL, '{}'),
	(495, 'property', NULL, '{}'),
	(496, 'property', NULL, '{}'),
	(497, 'property', NULL, '{}'),
	(498, 'property', NULL, '{}'),
	(499, 'property', NULL, '{}'),
	(500, 'property', NULL, '{}'),
	(501, 'property', NULL, '{}'),
	(502, 'property', NULL, '{}'),
	(503, 'property', NULL, '{}'),
	(504, 'property', NULL, '{}'),
	(505, 'property', NULL, '{}'),
	(506, 'property', NULL, '{}'),
	(507, 'property', NULL, '{}'),
	(508, 'property', NULL, '{}'),
	(509, 'property', NULL, '{}'),
	(510, 'property', NULL, '{}'),
	(511, 'property', NULL, '{}'),
	(512, 'property', NULL, '{}'),
	(513, 'property', NULL, '{}'),
	(514, 'property', NULL, '{}'),
	(515, 'property', NULL, '{}'),
	(516, 'property', NULL, '{}'),
	(517, 'property', NULL, '{}'),
	(518, 'property', NULL, '{}'),
	(519, 'property', NULL, '{}'),
	(520, 'property', NULL, '{}'),
	(521, 'property', NULL, '{}'),
	(522, 'property', NULL, '{}'),
	(523, 'property', NULL, '{}'),
	(524, 'property', NULL, '{}'),
	(525, 'property', NULL, '{}'),
	(526, 'property', NULL, '{}'),
	(527, 'property', NULL, '{}'),
	(528, 'property', NULL, '{}'),
	(529, 'property', NULL, '{}'),
	(530, 'property', NULL, '{}'),
	(531, 'property', NULL, '{}'),
	(532, 'property', NULL, '{}'),
	(533, 'property', NULL, '{}'),
	(534, 'property', NULL, '{}'),
	(535, 'property', NULL, '{}'),
	(536, 'property', NULL, '{}'),
	(542, 'property', NULL, '{}'),
	(543, 'property', NULL, '{}'),
	(544, 'property', NULL, '{}'),
	(545, 'property', NULL, '{}'),
	(546, 'property', NULL, '{}'),
	(547, 'property', NULL, '{}'),
	(548, 'property', NULL, '{}'),
	(549, 'property', NULL, '{}'),
	(550, 'property', NULL, '{}'),
	(551, 'property', NULL, '{}'),
	(552, 'property', NULL, '{}'),
	(553, 'property', NULL, '{}'),
	(554, 'property', NULL, '{}'),
	(555, 'property', NULL, '{}'),
	(556, 'property', NULL, '{}'),
	(557, 'property', NULL, '{}'),
	(558, 'property', NULL, '{}'),
	(559, 'property', NULL, '{}'),
	(560, 'property', NULL, '{}'),
	(561, 'property', NULL, '{}'),
	(562, 'property', NULL, '{}'),
	(563, 'property', NULL, '{}'),
	(564, 'property', NULL, '{}'),
	(565, 'property', NULL, '{}'),
	(566, 'property', NULL, '{}'),
	(567, 'property', NULL, '{}'),
	(568, 'property', NULL, '{}'),
	(569, 'property', NULL, '{}'),
	(570, 'property', NULL, '{}'),
	(571, 'property', NULL, '{}'),
	(572, 'property', NULL, '{}'),
	(573, 'property', NULL, '{}'),
	(574, 'property', NULL, '{}'),
	(575, 'property', NULL, '{}'),
	(576, 'property', NULL, '{}'),
	(577, 'property', NULL, '{}'),
	(578, 'property', NULL, '{}'),
	(579, 'property', NULL, '{}'),
	(580, 'property', NULL, '{}'),
	(581, 'property', NULL, '{}'),
	(582, 'property', NULL, '{}'),
	(583, 'property', NULL, '{}'),
	(584, 'property', NULL, '{}'),
	(585, 'property', NULL, '{}'),
	(586, 'property', NULL, '{}'),
	(587, 'property', NULL, '{}'),
	(588, 'property', NULL, '{}'),
	(589, 'property', NULL, '{}'),
	(590, 'property', NULL, '{}'),
	(591, 'property', NULL, '{}'),
	(592, 'property', NULL, '{}'),
	(593, 'property', NULL, '{}'),
	(594, 'property', NULL, '{}'),
	(595, 'property', NULL, '{}'),
	(596, 'property', NULL, '{}'),
	(597, 'property', NULL, '{}'),
	(598, 'property', NULL, '{}'),
	(599, 'property', NULL, '{}'),
	(600, 'property', NULL, '{}'),
	(601, 'property', NULL, '{}'),
	(602, 'property', NULL, '{}'),
	(603, 'property', NULL, '{}'),
	(604, 'property', NULL, '{}'),
	(605, 'property', NULL, '{}'),
	(606, 'property', NULL, '{}'),
	(607, 'property', NULL, '{}'),
	(608, 'property', NULL, '{}'),
	(609, 'property', NULL, '{}'),
	(610, 'property', NULL, '{}'),
	(611, 'property', NULL, '{}'),
	(612, 'property', NULL, '{}'),
	(613, 'property', NULL, '{}'),
	(614, 'property', NULL, '{}'),
	(615, 'property', NULL, '{}'),
	(616, 'property', NULL, '{}'),
	(617, 'property', NULL, '{}'),
	(618, 'property', NULL, '{}'),
	(619, 'property', NULL, '{}'),
	(620, 'property', NULL, '{}'),
	(621, 'property', NULL, '{}'),
	(622, 'property', NULL, '{}'),
	(623, 'property', NULL, '{}'),
	(624, 'property', NULL, '{}'),
	(625, 'property', NULL, '{}'),
	(626, 'property', NULL, '{}'),
	(627, 'property', NULL, '{}'),
	(628, 'property', NULL, '{}'),
	(629, 'property', NULL, '{}'),
	(630, 'property', NULL, '{}'),
	(631, 'property', NULL, '{}'),
	(632, 'property', NULL, '{}'),
	(633, 'property', NULL, '{}'),
	(634, 'property', NULL, '{}'),
	(635, 'property', NULL, '{}'),
	(636, 'property', NULL, '{}'),
	(637, 'property', NULL, '{}'),
	(638, 'property', NULL, '{}'),
	(639, 'property', NULL, '{}'),
	(640, 'property', NULL, '{}'),
	(641, 'property', NULL, '{}'),
	(642, 'property', NULL, '{}'),
	(643, 'property', NULL, '{}'),
	(649, 'property', NULL, '{}'),
	(650, 'property', NULL, '{}'),
	(656, 'property', NULL, '{}'),
	(657, 'property', NULL, '{}'),
	(658, 'property', NULL, '{}'),
	(659, 'property', NULL, '{}'),
	(660, 'property', NULL, '{}'),
	(661, 'property', NULL, '{}'),
	(662, 'property', NULL, '{}'),
	(663, 'property', NULL, '{}'),
	(664, 'property', NULL, '{}'),
	(665, 'property', NULL, '{}'),
	(666, 'property', NULL, '{}'),
	(667, 'property', NULL, '{}'),
	(668, 'property', NULL, '{}'),
	(669, 'property', NULL, '{}'),
	(670, 'property', NULL, '{}'),
	(671, 'property', NULL, '{}'),
	(672, 'property', NULL, '{}'),
	(673, 'property', NULL, '{}'),
	(674, 'property', NULL, '{}'),
	(675, 'property', NULL, '{}'),
	(676, 'property', NULL, '{}'),
	(677, 'property', NULL, '{}'),
	(678, 'property', NULL, '{}'),
	(679, 'property', NULL, '{}'),
	(680, 'property', NULL, '{}'),
	(681, 'property', NULL, '{}'),
	(682, 'property', NULL, '{}'),
	(683, 'property', NULL, '{}'),
	(684, 'property', NULL, '{}'),
	(685, 'property', NULL, '{}'),
	(686, 'property', NULL, '{}'),
	(687, 'property', NULL, '{}'),
	(688, 'property', NULL, '{}'),
	(689, 'property', NULL, '{}'),
	(690, 'property', NULL, '{}'),
	(691, 'property', NULL, '{}'),
	(692, 'property', NULL, '{}'),
	(693, 'property', NULL, '{}'),
	(694, 'property', NULL, '{}'),
	(695, 'property', NULL, '{}'),
	(696, 'property', NULL, '{}'),
	(697, 'property', NULL, '{}'),
	(698, 'property', NULL, '{}'),
	(699, 'property', NULL, '{}'),
	(700, 'property', NULL, '{}'),
	(701, 'property', NULL, '{}'),
	(702, 'property', NULL, '{}'),
	(703, 'property', NULL, '{}'),
	(704, 'property', NULL, '{}'),
	(705, 'property', NULL, '{}'),
	(706, 'property', NULL, '{}'),
	(707, 'property', NULL, '{}'),
	(708, 'property', NULL, '{}'),
	(709, 'property', NULL, '{}'),
	(710, 'property', NULL, '{}'),
	(711, 'property', NULL, '{}'),
	(712, 'property', NULL, '{}'),
	(713, 'property', NULL, '{}'),
	(714, 'property', NULL, '{}'),
	(715, 'property', NULL, '{}'),
	(716, 'property', NULL, '{}'),
	(717, 'property', NULL, '{}'),
	(718, 'property', NULL, '{}'),
	(719, 'property', NULL, '{}'),
	(720, 'property', NULL, '{}'),
	(721, 'property', NULL, '{}'),
	(722, 'property', NULL, '{}'),
	(723, 'property', NULL, '{}'),
	(724, 'property', NULL, '{}'),
	(725, 'property', NULL, '{}'),
	(726, 'property', NULL, '{}'),
	(727, 'property', NULL, '{}'),
	(728, 'property', NULL, '{}'),
	(729, 'property', NULL, '{}'),
	(730, 'property', NULL, '{}'),
	(731, 'property', NULL, '{}'),
	(732, 'property', NULL, '{}'),
	(733, 'property', NULL, '{}'),
	(734, 'property', NULL, '{}'),
	(735, 'property', NULL, '{}'),
	(736, 'property', NULL, '{}'),
	(737, 'property', NULL, '{}'),
	(738, 'property', NULL, '{}'),
	(739, 'property', NULL, '{}'),
	(740, 'property', NULL, '{}'),
	(741, 'property', NULL, '{}'),
	(742, 'property', NULL, '{}'),
	(743, 'property', NULL, '{}'),
	(744, 'property', NULL, '{}'),
	(745, 'property', NULL, '{}'),
	(746, 'property', NULL, '{}'),
	(747, 'property', NULL, '{}'),
	(748, 'property', NULL, '{}'),
	(749, 'property', NULL, '{}'),
	(750, 'property', NULL, '{}'),
	(751, 'property', NULL, '{}'),
	(752, 'property', NULL, '{}'),
	(753, 'property', NULL, '{}'),
	(754, 'property', NULL, '{}'),
	(755, 'property', NULL, '{}'),
	(756, 'property', NULL, '{}'),
	(757, 'property', NULL, '{}'),
	(758, 'property', NULL, '{}'),
	(759, 'property', NULL, '{}'),
	(760, 'property', NULL, '{}'),
	(761, 'property', NULL, '{}'),
	(762, 'property', NULL, '{}'),
	(763, 'property', NULL, '{}'),
	(764, 'property', NULL, '{}'),
	(765, 'property', NULL, '{}'),
	(766, 'property', NULL, '{}'),
	(767, 'property', NULL, '{}'),
	(768, 'property', NULL, '{}'),
	(769, 'property', NULL, '{}'),
	(770, 'property', NULL, '{}'),
	(771, 'property', NULL, '{}'),
	(772, 'property', NULL, '{}'),
	(773, 'property', NULL, '{}'),
	(774, 'property', NULL, '{}'),
	(775, 'property', NULL, '{}'),
	(776, 'property', NULL, '{}'),
	(777, 'property', NULL, '{}'),
	(778, 'property', NULL, '{}'),
	(779, 'property', NULL, '{}'),
	(780, 'property', NULL, '{}'),
	(781, 'property', NULL, '{}'),
	(782, 'property', NULL, '{}'),
	(783, 'property', NULL, '{}'),
	(784, 'property', NULL, '{}'),
	(785, 'property', NULL, '{}'),
	(786, 'property', NULL, '{}'),
	(787, 'property', NULL, '{}'),
	(788, 'property', NULL, '{}'),
	(789, 'property', NULL, '{}'),
	(790, 'property', NULL, '{}'),
	(791, 'property', NULL, '{}'),
	(792, 'property', NULL, '{}'),
	(793, 'property', NULL, '{}'),
	(794, 'property', NULL, '{}'),
	(795, 'property', NULL, '{}'),
	(796, 'property', NULL, '{}'),
	(797, 'property', NULL, '{}'),
	(798, 'property', NULL, '{}'),
	(799, 'property', NULL, '{}'),
	(800, 'property', NULL, '{}'),
	(801, 'property', NULL, '{}'),
	(802, 'property', NULL, '{}'),
	(803, 'property', NULL, '{}'),
	(804, 'property', NULL, '{}'),
	(805, 'property', NULL, '{}'),
	(806, 'property', NULL, '{}'),
	(807, 'property', NULL, '{}'),
	(808, 'property', NULL, '{}'),
	(809, 'property', NULL, '{}'),
	(810, 'property', NULL, '{}'),
	(811, 'property', NULL, '{}'),
	(812, 'property', NULL, '{}'),
	(813, 'property', NULL, '{}'),
	(814, 'property', NULL, '{}'),
	(815, 'property', NULL, '{}'),
	(816, 'property', NULL, '{}'),
	(817, 'property', NULL, '{}'),
	(818, 'property', NULL, '{}'),
	(819, 'property', NULL, '{}'),
	(820, 'property', NULL, '{}'),
	(821, 'property', NULL, '{}'),
	(822, 'property', NULL, '{}'),
	(823, 'property', NULL, '{}'),
	(824, 'property', NULL, '{}'),
	(825, 'property', NULL, '{}'),
	(826, 'property', NULL, '{}'),
	(827, 'property', NULL, '{}'),
	(828, 'property', NULL, '{}'),
	(829, 'property', NULL, '{}'),
	(830, 'property', NULL, '{}'),
	(831, 'property', NULL, '{}'),
	(832, 'property', NULL, '{}'),
	(833, 'property', NULL, '{}'),
	(834, 'property', NULL, '{}'),
	(835, 'property', NULL, '{}'),
	(836, 'property', NULL, '{}'),
	(837, 'property', NULL, '{}'),
	(838, 'property', NULL, '{}'),
	(839, 'property', NULL, '{}'),
	(840, 'property', NULL, '{}'),
	(841, 'property', NULL, '{}'),
	(842, 'property', NULL, '{}'),
	(843, 'property', NULL, '{}'),
	(844, 'property', NULL, '{}'),
	(845, 'property', NULL, '{}'),
	(846, 'property', NULL, '{}'),
	(847, 'property', NULL, '{}'),
	(848, 'property', NULL, '{}'),
	(849, 'property', NULL, '{}'),
	(850, 'property', NULL, '{}'),
	(851, 'property', NULL, '{}'),
	(852, 'property', NULL, '{}'),
	(853, 'property', NULL, '{}'),
	(854, 'property', NULL, '{}'),
	(855, 'property', NULL, '{}'),
	(856, 'property', NULL, '{}'),
	(857, 'property', NULL, '{}'),
	(858, 'property', NULL, '{}'),
	(859, 'property', NULL, '{}'),
	(860, 'property', NULL, '{}'),
	(861, 'property', NULL, '{}'),
	(862, 'property', NULL, '{}'),
	(863, 'property', NULL, '{}'),
	(864, 'property', NULL, '{}'),
	(865, 'property', NULL, '{}'),
	(866, 'property', NULL, '{}'),
	(867, 'property', NULL, '{}'),
	(868, 'property', NULL, '{}'),
	(869, 'property', NULL, '{}'),
	(870, 'property', NULL, '{}'),
	(871, 'property', NULL, '{}'),
	(872, 'property', NULL, '{}'),
	(873, 'property', NULL, '{}'),
	(874, 'property', NULL, '{}'),
	(875, 'property', NULL, '{}'),
	(876, 'property', NULL, '{}'),
	(877, 'property', NULL, '{}'),
	(878, 'property', NULL, '{}'),
	(879, 'property', NULL, '{}'),
	(880, 'property', NULL, '{}'),
	(881, 'property', NULL, '{}'),
	(882, 'property', NULL, '{}'),
	(883, 'property', NULL, '{}'),
	(884, 'property', NULL, '{}'),
	(885, 'property', NULL, '{}'),
	(886, 'property', NULL, '{}'),
	(887, 'property', NULL, '{}'),
	(888, 'property', NULL, '{}'),
	(889, 'property', NULL, '{}'),
	(890, 'property', NULL, '{}'),
	(891, 'property', NULL, '{}'),
	(892, 'property', NULL, '{}'),
	(893, 'property', NULL, '{}'),
	(894, 'property', NULL, '{}'),
	(895, 'property', NULL, '{}'),
	(896, 'property', NULL, '{}'),
	(897, 'property', NULL, '{}'),
	(898, 'property', NULL, '{}'),
	(899, 'property', NULL, '{}'),
	(900, 'property', NULL, '{}'),
	(906, 'property', NULL, '{}'),
	(907, 'property', NULL, '{}'),
	(908, 'property', NULL, '{}'),
	(909, 'property', NULL, '{}'),
	(910, 'property', NULL, '{}'),
	(911, 'property', NULL, '{}'),
	(912, 'property', NULL, '{}');

-- Dump della struttura di tabella es_extended.fine_types
CREATE TABLE IF NOT EXISTS `fine_types` (
  `id` int(11) NOT NULL AUTO_INCREMENT,
  `label` varchar(255) DEFAULT NULL,
  `amount` int(11) DEFAULT NULL,
  `category` int(11) DEFAULT NULL,
  PRIMARY KEY (`id`)
) ENGINE=InnoDB AUTO_INCREMENT=53 DEFAULT CHARSET=utf8mb4 COLLATE=utf8mb4_general_ci;

-- Dump dei dati della tabella es_extended.fine_types: ~52 rows (circa)
INSERT INTO `fine_types` (`id`, `label`, `amount`, `category`) VALUES
	(1, 'Misuse of a horn', 30, 0),
	(2, 'Illegally Crossing a continuous Line', 40, 0),
	(3, 'Driving on the wrong side of the road', 250, 0),
	(4, 'Illegal U-Turn', 250, 0),
	(5, 'Illegally Driving Off-road', 170, 0),
	(6, 'Refusing a Lawful Command', 30, 0),
	(7, 'Illegally Stopping a Vehicle', 150, 0),
	(8, 'Illegal Parking', 70, 0),
	(9, 'Failing to Yield to the right', 70, 0),
	(10, 'Failure to comply with Vehicle Information', 90, 0),
	(11, 'Failing to stop at a Stop Sign ', 105, 0),
	(12, 'Failing to stop at a Red Light', 130, 0),
	(13, 'Illegal Passing', 100, 0),
	(14, 'Driving an illegal Vehicle', 100, 0),
	(15, 'Driving without a License', 1500, 0),
	(16, 'Hit and Run', 800, 0),
	(17, 'Exceeding Speeds Over < 5 mph', 90, 0),
	(18, 'Exceeding Speeds Over 5-15 mph', 120, 0),
	(19, 'Exceeding Speeds Over 15-30 mph', 180, 0),
	(20, 'Exceeding Speeds Over > 30 mph', 300, 0),
	(21, 'Impeding traffic flow', 110, 1),
	(22, 'Public Intoxication', 90, 1),
	(23, 'Disorderly conduct', 90, 1),
	(24, 'Obstruction of Justice', 130, 1),
	(25, 'Insults towards Civilans', 75, 1),
	(26, 'Disrespecting of an LEO', 110, 1),
	(27, 'Verbal Threat towards a Civilan', 90, 1),
	(28, 'Verbal Threat towards an LEO', 150, 1),
	(29, 'Providing False Information', 250, 1),
	(30, 'Attempt of Corruption', 1500, 1),
	(31, 'Brandishing a weapon in city Limits', 120, 2),
	(32, 'Brandishing a Lethal Weapon in city Limits', 300, 2),
	(33, 'No Firearms License', 600, 2),
	(34, 'Possession of an Illegal Weapon', 700, 2),
	(35, 'Possession of Burglary Tools', 300, 2),
	(36, 'Grand Theft Auto', 1800, 2),
	(37, 'Intent to Sell/Distrube of an illegal Substance', 1500, 2),
	(38, 'Frabrication of an Illegal Substance', 1500, 2),
	(39, 'Possession of an Illegal Substance ', 650, 2),
	(40, 'Kidnapping of a Civilan', 1500, 2),
	(41, 'Kidnapping of an LEO', 2000, 2),
	(42, 'Robbery', 650, 2),
	(43, 'Armed Robbery of a Store', 650, 2),
	(44, 'Armed Robbery of a Bank', 1500, 2),
	(45, 'Assault on a Civilian', 2000, 3),
	(46, 'Assault of an LEO', 2500, 3),
	(47, 'Attempt of Murder of a Civilian', 3000, 3),
	(48, 'Attempt of Murder of an LEO', 5000, 3),
	(49, 'Murder of a Civilian', 10000, 3),
	(50, 'Murder of an LEO', 30000, 3),
	(51, 'Involuntary manslaughter', 1800, 3),
	(52, 'Fraud', 2000, 2);

-- Dump della struttura di tabella es_extended.items
CREATE TABLE IF NOT EXISTS `items` (
  `name` varchar(50) NOT NULL,
  `label` varchar(50) NOT NULL,
  `weight` int(11) NOT NULL DEFAULT 1,
  `rare` tinyint(4) NOT NULL DEFAULT 0,
  `can_remove` tinyint(4) NOT NULL DEFAULT 1,
  PRIMARY KEY (`name`)
) ENGINE=InnoDB DEFAULT CHARSET=utf8mb4 COLLATE=utf8mb4_general_ci;

-- Dump dei dati della tabella es_extended.items: ~0 rows (circa)

-- Dump della struttura di tabella es_extended.jobs
CREATE TABLE IF NOT EXISTS `jobs` (
  `name` varchar(50) NOT NULL,
  `label` varchar(50) DEFAULT NULL,
  `whitelisted` tinyint(1) NOT NULL DEFAULT 0,
  PRIMARY KEY (`name`)
) ENGINE=InnoDB DEFAULT CHARSET=utf8mb4 COLLATE=utf8mb4_general_ci;

-- Dump dei dati della tabella es_extended.jobs: ~12 rows (circa)
INSERT INTO `jobs` (`name`, `label`, `whitelisted`) VALUES
	('ambulance', 'EMS', 1),
	('ammu', 'Armeria', 1),
	('baker', 'Panettiere', 1),
	('ballas', 'Ballas', 1),
	('cardealer', 'Cardealer', 1),
	('delivery', 'Delivery', 0),
	('import', 'Import', 1),
	('mechanic', 'Mechanic', 1),
	('police', 'Police', 1),
	('taxi', 'Taxi', 1),
	('unemployed', 'Unemployed', 0),
	('unicorn', 'Unicorn', 1);

-- Dump della struttura di tabella es_extended.job_grades
CREATE TABLE IF NOT EXISTS `job_grades` (
  `id` int(11) NOT NULL AUTO_INCREMENT,
  `job_name` varchar(50) DEFAULT NULL,
  `grade` int(11) NOT NULL,
  `name` varchar(50) NOT NULL,
  `label` varchar(50) NOT NULL,
  `salary` int(11) NOT NULL,
  `skin_male` longtext NOT NULL,
  `skin_female` longtext NOT NULL,
  PRIMARY KEY (`id`)
) ENGINE=InnoDB AUTO_INCREMENT=100 DEFAULT CHARSET=utf8mb4 COLLATE=utf8mb4_general_ci;

-- Dump dei dati della tabella es_extended.job_grades: ~50 rows (circa)
INSERT INTO `job_grades` (`id`, `job_name`, `grade`, `name`, `label`, `salary`, `skin_male`, `skin_female`) VALUES
	(1, 'unemployed', 0, 'unemployed', 'Unemployed', 200, '{}', '{}'),
	(41, 'ammu', 0, 'apprentice', 'Apprentice', 20, '{}', '{}'),
	(42, 'ammu', 1, 'gunsmith', 'Gunsmith', 40, '{}', '{}'),
	(43, 'ammu', 2, 'armorychief', 'Armory Chief', 60, '{}', '{}'),
	(44, 'ammu', 3, 'deputydirector', 'Deputy Director', 85, '{}', '{}'),
	(45, 'ammu', 4, 'boss', 'Boss', 100, '{}', '{}'),
	(46, 'baker', 0, 'apprentice', 'Apprentice', 20, '{}', '{}'),
	(47, 'baker', 1, 'baker', 'Baker', 40, '{}', '{}'),
	(48, 'baker', 2, 'chief', 'Chief', 60, '{}', '{}'),
	(49, 'baker', 3, 'deputydirector', 'Deputy Director', 85, '{}', '{}'),
	(50, 'baker', 4, 'boss', 'Boss', 100, '{}', '{}'),
	(51, 'ballas', 0, 'little', 'Little', 12, '{"hair_2":0,"hair_color_2":0,"torso_1":32,"bags_1":0,"helmet_2":0,"chain_2":0,"eyebrows_3":0,"makeup_3":0,"makeup_2":0,"tshirt_1":31,"makeup_1":0,"bags_2":0,"makeup_4":0,"eyebrows_4":0,"chain_1":0,"lipstick_4":0,"bproof_2":0,"hair_color_1":0,"decals_2":0,"pants_2":0,"age_2":0,"glasses_2":0,"ears_2":0,"arms":27,"lipstick_1":0,"ears_1":-1,"mask_2":0,"sex":0,"lipstick_3":0,"helmet_1":-1,"shoes_2":0,"beard_2":0,"beard_1":0,"lipstick_2":0,"beard_4":0,"glasses_1":0,"bproof_1":0,"mask_1":0,"decals_1":1,"hair_1":0,"eyebrows_2":0,"beard_3":0,"age_1":0,"tshirt_2":0,"skin":0,"torso_2":0,"eyebrows_1":0,"face":0,"shoes_1":10,"pants_1":24}', '{"hair_2":0,"hair_color_2":0,"torso_1":57,"bags_1":0,"helmet_2":0,"chain_2":0,"eyebrows_3":0,"makeup_3":0,"makeup_2":0,"tshirt_1":38,"makeup_1":0,"bags_2":0,"makeup_4":0,"eyebrows_4":0,"chain_1":0,"lipstick_4":0,"bproof_2":0,"hair_color_1":0,"decals_2":0,"pants_2":1,"age_2":0,"glasses_2":0,"ears_2":0,"arms":21,"lipstick_1":0,"ears_1":-1,"mask_2":0,"sex":1,"lipstick_3":0,"helmet_1":-1,"shoes_2":0,"beard_2":0,"beard_1":0,"lipstick_2":0,"beard_4":0,"glasses_1":5,"bproof_1":0,"mask_1":0,"decals_1":1,"hair_1":0,"eyebrows_2":0,"beard_3":0,"age_1":0,"tshirt_2":0,"skin":0,"torso_2":0,"eyebrows_1":0,"face":0,"shoes_1":49,"pants_1":11}'),
	(52, 'ballas', 1, 'henchman', 'Henchman', 24, '{"hair_2":0,"hair_color_2":0,"torso_1":32,"bags_1":0,"helmet_2":0,"chain_2":0,"eyebrows_3":0,"makeup_3":0,"makeup_2":0,"tshirt_1":31,"makeup_1":0,"bags_2":0,"makeup_4":0,"eyebrows_4":0,"chain_1":0,"lipstick_4":0,"bproof_2":0,"hair_color_1":0,"decals_2":0,"pants_2":0,"age_2":0,"glasses_2":0,"ears_2":0,"arms":27,"lipstick_1":0,"ears_1":-1,"mask_2":0,"sex":0,"lipstick_3":0,"helmet_1":-1,"shoes_2":0,"beard_2":0,"beard_1":0,"lipstick_2":0,"beard_4":0,"glasses_1":0,"bproof_1":0,"mask_1":0,"decals_1":1,"hair_1":0,"eyebrows_2":0,"beard_3":0,"age_1":0,"tshirt_2":0,"skin":0,"torso_2":0,"eyebrows_1":0,"face":0,"shoes_1":10,"pants_1":24}', '{"hair_2":0,"hair_color_2":0,"torso_1":57,"bags_1":0,"helmet_2":0,"chain_2":0,"eyebrows_3":0,"makeup_3":0,"makeup_2":0,"tshirt_1":38,"makeup_1":0,"bags_2":0,"makeup_4":0,"eyebrows_4":0,"chain_1":0,"lipstick_4":0,"bproof_2":0,"hair_color_1":0,"decals_2":0,"pants_2":1,"age_2":0,"glasses_2":0,"ears_2":0,"arms":21,"lipstick_1":0,"ears_1":-1,"mask_2":0,"sex":1,"lipstick_3":0,"helmet_1":-1,"shoes_2":0,"beard_2":0,"beard_1":0,"lipstick_2":0,"beard_4":0,"glasses_1":5,"bproof_1":0,"mask_1":0,"decals_1":1,"hair_1":0,"eyebrows_2":0,"beard_3":0,"age_1":0,"tshirt_2":0,"skin":0,"torso_2":0,"eyebrows_1":0,"face":0,"shoes_1":49,"pants_1":11}'),
	(53, 'ballas', 2, 'trustedman', 'Trusted man', 36, '{"hair_2":0,"hair_color_2":0,"torso_1":26,"bags_1":0,"helmet_2":0,"chain_2":0,"eyebrows_3":0,"makeup_3":0,"makeup_2":0,"tshirt_1":57,"makeup_1":0,"bags_2":0,"makeup_4":0,"eyebrows_4":0,"chain_1":0,"lipstick_4":0,"bproof_2":0,"hair_color_1":0,"decals_2":0,"pants_2":4,"age_2":0,"glasses_2":0,"ears_2":0,"arms":11,"lipstick_1":0,"ears_1":-1,"mask_2":0,"sex":0,"lipstick_3":0,"helmet_1":-1,"shoes_2":0,"beard_2":0,"beard_1":0,"lipstick_2":0,"beard_4":0,"glasses_1":0,"bproof_1":0,"mask_1":0,"decals_1":0,"hair_1":0,"eyebrows_2":0,"beard_3":0,"age_1":0,"tshirt_2":0,"skin":0,"torso_2":0,"eyebrows_1":0,"face":0,"shoes_1":10,"pants_1":24}', '{"hair_2":0,"hair_color_2":0,"torso_1":57,"bags_1":0,"helmet_2":0,"chain_2":0,"eyebrows_3":0,"makeup_3":0,"makeup_2":0,"tshirt_1":38,"makeup_1":0,"bags_2":0,"makeup_4":0,"eyebrows_4":0,"chain_1":0,"lipstick_4":0,"bproof_2":0,"hair_color_1":0,"decals_2":0,"pants_2":1,"age_2":0,"glasses_2":0,"ears_2":0,"arms":21,"lipstick_1":0,"ears_1":-1,"mask_2":0,"sex":1,"lipstick_3":0,"helmet_1":-1,"shoes_2":0,"beard_2":0,"beard_1":0,"lipstick_2":0,"beard_4":0,"glasses_1":5,"bproof_1":0,"mask_1":0,"decals_1":1,"hair_1":0,"eyebrows_2":0,"beard_3":0,"age_1":0,"tshirt_2":0,"skin":0,"torso_2":0,"eyebrows_1":0,"face":0,"shoes_1":49,"pants_1":11}'),
	(54, 'ballas', 3, 'adviser', 'Adviser', 48, '{"hair_2":0,"hair_color_2":0,"torso_1":26,"bags_1":0,"helmet_2":0,"chain_2":0,"eyebrows_3":0,"makeup_3":0,"makeup_2":0,"tshirt_1":57,"makeup_1":0,"bags_2":0,"makeup_4":0,"eyebrows_4":0,"chain_1":0,"lipstick_4":0,"bproof_2":0,"hair_color_1":0,"decals_2":0,"pants_2":4,"age_2":0,"glasses_2":0,"ears_2":0,"arms":11,"lipstick_1":0,"ears_1":-1,"mask_2":0,"sex":0,"lipstick_3":0,"helmet_1":-1,"shoes_2":0,"beard_2":0,"beard_1":0,"lipstick_2":0,"beard_4":0,"glasses_1":0,"bproof_1":0,"mask_1":0,"decals_1":0,"hair_1":0,"eyebrows_2":0,"beard_3":0,"age_1":0,"tshirt_2":0,"skin":0,"torso_2":0,"eyebrows_1":0,"face":0,"shoes_1":10,"pants_1":24}', '{"hair_2":0,"hair_color_2":0,"torso_1":57,"bags_1":0,"helmet_2":0,"chain_2":0,"eyebrows_3":0,"makeup_3":0,"makeup_2":0,"tshirt_1":38,"makeup_1":0,"bags_2":0,"makeup_4":0,"eyebrows_4":0,"chain_1":0,"lipstick_4":0,"bproof_2":0,"hair_color_1":0,"decals_2":0,"pants_2":1,"age_2":0,"glasses_2":0,"ears_2":0,"arms":21,"lipstick_1":0,"ears_1":-1,"mask_2":0,"sex":1,"lipstick_3":0,"helmet_1":-1,"shoes_2":0,"beard_2":0,"beard_1":0,"lipstick_2":0,"beard_4":0,"glasses_1":5,"bproof_1":0,"mask_1":0,"decals_1":1,"hair_1":0,"eyebrows_2":0,"beard_3":0,"age_1":0,"tshirt_2":0,"skin":0,"torso_2":0,"eyebrows_1":0,"face":0,"shoes_1":49,"pants_1":11}'),
	(55, 'ballas', 4, 'boss', 'Boss', 0, '{"hair_2":0,"hair_color_2":0,"torso_1":29,"bags_1":0,"helmet_2":0,"chain_2":0,"eyebrows_3":0,"makeup_3":0,"makeup_2":0,"tshirt_1":31,"makeup_1":0,"bags_2":0,"makeup_4":0,"eyebrows_4":0,"chain_1":0,"lipstick_4":0,"bproof_2":0,"hair_color_1":0,"decals_2":0,"pants_2":4,"age_2":0,"glasses_2":0,"ears_2":0,"arms":1,"lipstick_1":0,"ears_1":-1,"mask_2":0,"sex":0,"lipstick_3":0,"helmet_1":-1,"shoes_2":0,"beard_2":0,"beard_1":0,"lipstick_2":0,"beard_4":0,"glasses_1":0,"bproof_1":0,"mask_1":0,"decals_1":0,"hair_1":0,"eyebrows_2":0,"beard_3":0,"age_1":0,"tshirt_2":0,"skin":0,"torso_2":4,"eyebrows_1":0,"face":0,"shoes_1":10,"pants_1":24}', '{"hair_2":0,"hair_color_2":0,"torso_1":57,"bags_1":0,"helmet_2":0,"chain_2":0,"eyebrows_3":0,"makeup_3":0,"makeup_2":0,"tshirt_1":38,"makeup_1":0,"bags_2":0,"makeup_4":0,"eyebrows_4":0,"chain_1":0,"lipstick_4":0,"bproof_2":0,"hair_color_1":0,"decals_2":0,"pants_2":1,"age_2":0,"glasses_2":0,"ears_2":0,"arms":21,"lipstick_1":0,"ears_1":-1,"mask_2":0,"sex":1,"lipstick_3":0,"helmet_1":-1,"shoes_2":0,"beard_2":0,"beard_1":0,"lipstick_2":0,"beard_4":0,"glasses_1":5,"bproof_1":0,"mask_1":0,"decals_1":1,"hair_1":0,"eyebrows_2":0,"beard_3":0,"age_1":0,"tshirt_2":0,"skin":0,"torso_2":0,"eyebrows_1":0,"face":0,"shoes_1":49,"pants_1":11}'),
	(56, 'delivery', 0, 'delivery', 'Delivery', 500, '{}', '{}'),
	(67, 'import', 0, 'ontrial', 'Ontrial', 12, '{"hair_2":0,"hair_color_2":0,"torso_1":32,"bags_1":0,"helmet_2":0,"chain_2":0,"eyebrows_3":0,"makeup_3":0,"makeup_2":0,"tshirt_1":31,"makeup_1":0,"bags_2":0,"makeup_4":0,"eyebrows_4":0,"chain_1":0,"lipstick_4":0,"bproof_2":0,"hair_color_1":0,"decals_2":0,"pants_2":0,"age_2":0,"glasses_2":0,"ears_2":0,"arms":27,"lipstick_1":0,"ears_1":-1,"mask_2":0,"sex":0,"lipstick_3":0,"helmet_1":-1,"shoes_2":0,"beard_2":0,"beard_1":0,"lipstick_2":0,"beard_4":0,"glasses_1":0,"bproof_1":0,"mask_1":0,"decals_1":1,"hair_1":0,"eyebrows_2":0,"beard_3":0,"age_1":0,"tshirt_2":0,"skin":0,"torso_2":0,"eyebrows_1":0,"face":0,"shoes_1":10,"pants_1":24}', '{"hair_2":0,"hair_color_2":0,"torso_1":57,"bags_1":0,"helmet_2":0,"chain_2":0,"eyebrows_3":0,"makeup_3":0,"makeup_2":0,"tshirt_1":38,"makeup_1":0,"bags_2":0,"makeup_4":0,"eyebrows_4":0,"chain_1":0,"lipstick_4":0,"bproof_2":0,"hair_color_1":0,"decals_2":0,"pants_2":1,"age_2":0,"glasses_2":0,"ears_2":0,"arms":21,"lipstick_1":0,"ears_1":-1,"mask_2":0,"sex":1,"lipstick_3":0,"helmet_1":-1,"shoes_2":0,"beard_2":0,"beard_1":0,"lipstick_2":0,"beard_4":0,"glasses_1":5,"bproof_1":0,"mask_1":0,"decals_1":1,"hair_1":0,"eyebrows_2":0,"beard_3":0,"age_1":0,"tshirt_2":0,"skin":0,"torso_2":0,"eyebrows_1":0,"face":0,"shoes_1":49,"pants_1":11}'),
	(68, 'import', 1, 'employee', 'Employee', 24, '{"hair_2":0,"hair_color_2":0,"torso_1":32,"bags_1":0,"helmet_2":0,"chain_2":0,"eyebrows_3":0,"makeup_3":0,"makeup_2":0,"tshirt_1":31,"makeup_1":0,"bags_2":0,"makeup_4":0,"eyebrows_4":0,"chain_1":0,"lipstick_4":0,"bproof_2":0,"hair_color_1":0,"decals_2":0,"pants_2":0,"age_2":0,"glasses_2":0,"ears_2":0,"arms":27,"lipstick_1":0,"ears_1":-1,"mask_2":0,"sex":0,"lipstick_3":0,"helmet_1":-1,"shoes_2":0,"beard_2":0,"beard_1":0,"lipstick_2":0,"beard_4":0,"glasses_1":0,"bproof_1":0,"mask_1":0,"decals_1":1,"hair_1":0,"eyebrows_2":0,"beard_3":0,"age_1":0,"tshirt_2":0,"skin":0,"torso_2":0,"eyebrows_1":0,"face":0,"shoes_1":10,"pants_1":24}', '{"hair_2":0,"hair_color_2":0,"torso_1":57,"bags_1":0,"helmet_2":0,"chain_2":0,"eyebrows_3":0,"makeup_3":0,"makeup_2":0,"tshirt_1":38,"makeup_1":0,"bags_2":0,"makeup_4":0,"eyebrows_4":0,"chain_1":0,"lipstick_4":0,"bproof_2":0,"hair_color_1":0,"decals_2":0,"pants_2":1,"age_2":0,"glasses_2":0,"ears_2":0,"arms":21,"lipstick_1":0,"ears_1":-1,"mask_2":0,"sex":1,"lipstick_3":0,"helmet_1":-1,"shoes_2":0,"beard_2":0,"beard_1":0,"lipstick_2":0,"beard_4":0,"glasses_1":5,"bproof_1":0,"mask_1":0,"decals_1":1,"hair_1":0,"eyebrows_2":0,"beard_3":0,"age_1":0,"tshirt_2":0,"skin":0,"torso_2":0,"eyebrows_1":0,"face":0,"shoes_1":49,"pants_1":11}'),
	(69, 'import', 2, 'driver', 'Driver', 36, '{"hair_2":0,"hair_color_2":0,"torso_1":26,"bags_1":0,"helmet_2":0,"chain_2":0,"eyebrows_3":0,"makeup_3":0,"makeup_2":0,"tshirt_1":57,"makeup_1":0,"bags_2":0,"makeup_4":0,"eyebrows_4":0,"chain_1":0,"lipstick_4":0,"bproof_2":0,"hair_color_1":0,"decals_2":0,"pants_2":4,"age_2":0,"glasses_2":0,"ears_2":0,"arms":11,"lipstick_1":0,"ears_1":-1,"mask_2":0,"sex":0,"lipstick_3":0,"helmet_1":-1,"shoes_2":0,"beard_2":0,"beard_1":0,"lipstick_2":0,"beard_4":0,"glasses_1":0,"bproof_1":0,"mask_1":0,"decals_1":0,"hair_1":0,"eyebrows_2":0,"beard_3":0,"age_1":0,"tshirt_2":0,"skin":0,"torso_2":0,"eyebrows_1":0,"face":0,"shoes_1":10,"pants_1":24}', '{"hair_2":0,"hair_color_2":0,"torso_1":57,"bags_1":0,"helmet_2":0,"chain_2":0,"eyebrows_3":0,"makeup_3":0,"makeup_2":0,"tshirt_1":38,"makeup_1":0,"bags_2":0,"makeup_4":0,"eyebrows_4":0,"chain_1":0,"lipstick_4":0,"bproof_2":0,"hair_color_1":0,"decals_2":0,"pants_2":1,"age_2":0,"glasses_2":0,"ears_2":0,"arms":21,"lipstick_1":0,"ears_1":-1,"mask_2":0,"sex":1,"lipstick_3":0,"helmet_1":-1,"shoes_2":0,"beard_2":0,"beard_1":0,"lipstick_2":0,"beard_4":0,"glasses_1":5,"bproof_1":0,"mask_1":0,"decals_1":1,"hair_1":0,"eyebrows_2":0,"beard_3":0,"age_1":0,"tshirt_2":0,"skin":0,"torso_2":0,"eyebrows_1":0,"face":0,"shoes_1":49,"pants_1":11}'),
	(70, 'import', 3, 'responsible', 'Responsible', 48, '{"hair_2":0,"hair_color_2":0,"torso_1":26,"bags_1":0,"helmet_2":0,"chain_2":0,"eyebrows_3":0,"makeup_3":0,"makeup_2":0,"tshirt_1":57,"makeup_1":0,"bags_2":0,"makeup_4":0,"eyebrows_4":0,"chain_1":0,"lipstick_4":0,"bproof_2":0,"hair_color_1":0,"decals_2":0,"pants_2":4,"age_2":0,"glasses_2":0,"ears_2":0,"arms":11,"lipstick_1":0,"ears_1":-1,"mask_2":0,"sex":0,"lipstick_3":0,"helmet_1":-1,"shoes_2":0,"beard_2":0,"beard_1":0,"lipstick_2":0,"beard_4":0,"glasses_1":0,"bproof_1":0,"mask_1":0,"decals_1":0,"hair_1":0,"eyebrows_2":0,"beard_3":0,"age_1":0,"tshirt_2":0,"skin":0,"torso_2":0,"eyebrows_1":0,"face":0,"shoes_1":10,"pants_1":24}', '{"hair_2":0,"hair_color_2":0,"torso_1":57,"bags_1":0,"helmet_2":0,"chain_2":0,"eyebrows_3":0,"makeup_3":0,"makeup_2":0,"tshirt_1":38,"makeup_1":0,"bags_2":0,"makeup_4":0,"eyebrows_4":0,"chain_1":0,"lipstick_4":0,"bproof_2":0,"hair_color_1":0,"decals_2":0,"pants_2":1,"age_2":0,"glasses_2":0,"ears_2":0,"arms":21,"lipstick_1":0,"ears_1":-1,"mask_2":0,"sex":1,"lipstick_3":0,"helmet_1":-1,"shoes_2":0,"beard_2":0,"beard_1":0,"lipstick_2":0,"beard_4":0,"glasses_1":5,"bproof_1":0,"mask_1":0,"decals_1":1,"hair_1":0,"eyebrows_2":0,"beard_3":0,"age_1":0,"tshirt_2":0,"skin":0,"torso_2":0,"eyebrows_1":0,"face":0,"shoes_1":49,"pants_1":11}'),
	(71, 'import', 4, 'boss', 'Boss', 0, '{"hair_2":0,"hair_color_2":0,"torso_1":29,"bags_1":0,"helmet_2":0,"chain_2":0,"eyebrows_3":0,"makeup_3":0,"makeup_2":0,"tshirt_1":31,"makeup_1":0,"bags_2":0,"makeup_4":0,"eyebrows_4":0,"chain_1":0,"lipstick_4":0,"bproof_2":0,"hair_color_1":0,"decals_2":0,"pants_2":4,"age_2":0,"glasses_2":0,"ears_2":0,"arms":1,"lipstick_1":0,"ears_1":-1,"mask_2":0,"sex":0,"lipstick_3":0,"helmet_1":-1,"shoes_2":0,"beard_2":0,"beard_1":0,"lipstick_2":0,"beard_4":0,"glasses_1":0,"bproof_1":0,"mask_1":0,"decals_1":0,"hair_1":0,"eyebrows_2":0,"beard_3":0,"age_1":0,"tshirt_2":0,"skin":0,"torso_2":4,"eyebrows_1":0,"face":0,"shoes_1":10,"pants_1":24}', '{"hair_2":0,"hair_color_2":0,"torso_1":57,"bags_1":0,"helmet_2":0,"chain_2":0,"eyebrows_3":0,"makeup_3":0,"makeup_2":0,"tshirt_1":38,"makeup_1":0,"bags_2":0,"makeup_4":0,"eyebrows_4":0,"chain_1":0,"lipstick_4":0,"bproof_2":0,"hair_color_1":0,"decals_2":0,"pants_2":1,"age_2":0,"glasses_2":0,"ears_2":0,"arms":21,"lipstick_1":0,"ears_1":-1,"mask_2":0,"sex":1,"lipstick_3":0,"helmet_1":-1,"shoes_2":0,"beard_2":0,"beard_1":0,"lipstick_2":0,"beard_4":0,"glasses_1":5,"bproof_1":0,"mask_1":0,"decals_1":1,"hair_1":0,"eyebrows_2":0,"beard_3":0,"age_1":0,"tshirt_2":0,"skin":0,"torso_2":0,"eyebrows_1":0,"face":0,"shoes_1":49,"pants_1":11}'),
	(72, 'unicorn', 0, 'ontrial', 'Ontrial', 12, '{"hair_2":0,"hair_color_2":0,"torso_1":32,"bags_1":0,"helmet_2":0,"chain_2":0,"eyebrows_3":0,"makeup_3":0,"makeup_2":0,"tshirt_1":31,"makeup_1":0,"bags_2":0,"makeup_4":0,"eyebrows_4":0,"chain_1":0,"lipstick_4":0,"bproof_2":0,"hair_color_1":0,"decals_2":0,"pants_2":0,"age_2":0,"glasses_2":0,"ears_2":0,"arms":27,"lipstick_1":0,"ears_1":-1,"mask_2":0,"sex":0,"lipstick_3":0,"helmet_1":-1,"shoes_2":0,"beard_2":0,"beard_1":0,"lipstick_2":0,"beard_4":0,"glasses_1":0,"bproof_1":0,"mask_1":0,"decals_1":1,"hair_1":0,"eyebrows_2":0,"beard_3":0,"age_1":0,"tshirt_2":0,"skin":0,"torso_2":0,"eyebrows_1":0,"face":0,"shoes_1":10,"pants_1":24}', '{"hair_2":0,"hair_color_2":0,"torso_1":57,"bags_1":0,"helmet_2":0,"chain_2":0,"eyebrows_3":0,"makeup_3":0,"makeup_2":0,"tshirt_1":38,"makeup_1":0,"bags_2":0,"makeup_4":0,"eyebrows_4":0,"chain_1":0,"lipstick_4":0,"bproof_2":0,"hair_color_1":0,"decals_2":0,"pants_2":1,"age_2":0,"glasses_2":0,"ears_2":0,"arms":21,"lipstick_1":0,"ears_1":-1,"mask_2":0,"sex":1,"lipstick_3":0,"helmet_1":-1,"shoes_2":0,"beard_2":0,"beard_1":0,"lipstick_2":0,"beard_4":0,"glasses_1":5,"bproof_1":0,"mask_1":0,"decals_1":1,"hair_1":0,"eyebrows_2":0,"beard_3":0,"age_1":0,"tshirt_2":0,"skin":0,"torso_2":0,"eyebrows_1":0,"face":0,"shoes_1":49,"pants_1":11}'),
	(73, 'unicorn', 1, 'employee', 'Employee', 24, '{"hair_2":0,"hair_color_2":0,"torso_1":32,"bags_1":0,"helmet_2":0,"chain_2":0,"eyebrows_3":0,"makeup_3":0,"makeup_2":0,"tshirt_1":31,"makeup_1":0,"bags_2":0,"makeup_4":0,"eyebrows_4":0,"chain_1":0,"lipstick_4":0,"bproof_2":0,"hair_color_1":0,"decals_2":0,"pants_2":0,"age_2":0,"glasses_2":0,"ears_2":0,"arms":27,"lipstick_1":0,"ears_1":-1,"mask_2":0,"sex":0,"lipstick_3":0,"helmet_1":-1,"shoes_2":0,"beard_2":0,"beard_1":0,"lipstick_2":0,"beard_4":0,"glasses_1":0,"bproof_1":0,"mask_1":0,"decals_1":1,"hair_1":0,"eyebrows_2":0,"beard_3":0,"age_1":0,"tshirt_2":0,"skin":0,"torso_2":0,"eyebrows_1":0,"face":0,"shoes_1":10,"pants_1":24}', '{"hair_2":0,"hair_color_2":0,"torso_1":57,"bags_1":0,"helmet_2":0,"chain_2":0,"eyebrows_3":0,"makeup_3":0,"makeup_2":0,"tshirt_1":38,"makeup_1":0,"bags_2":0,"makeup_4":0,"eyebrows_4":0,"chain_1":0,"lipstick_4":0,"bproof_2":0,"hair_color_1":0,"decals_2":0,"pants_2":1,"age_2":0,"glasses_2":0,"ears_2":0,"arms":21,"lipstick_1":0,"ears_1":-1,"mask_2":0,"sex":1,"lipstick_3":0,"helmet_1":-1,"shoes_2":0,"beard_2":0,"beard_1":0,"lipstick_2":0,"beard_4":0,"glasses_1":5,"bproof_1":0,"mask_1":0,"decals_1":1,"hair_1":0,"eyebrows_2":0,"beard_3":0,"age_1":0,"tshirt_2":0,"skin":0,"torso_2":0,"eyebrows_1":0,"face":0,"shoes_1":49,"pants_1":11}'),
	(74, 'unicorn', 2, 'driver', 'Driver', 36, '{"hair_2":0,"hair_color_2":0,"torso_1":26,"bags_1":0,"helmet_2":0,"chain_2":0,"eyebrows_3":0,"makeup_3":0,"makeup_2":0,"tshirt_1":57,"makeup_1":0,"bags_2":0,"makeup_4":0,"eyebrows_4":0,"chain_1":0,"lipstick_4":0,"bproof_2":0,"hair_color_1":0,"decals_2":0,"pants_2":4,"age_2":0,"glasses_2":0,"ears_2":0,"arms":11,"lipstick_1":0,"ears_1":-1,"mask_2":0,"sex":0,"lipstick_3":0,"helmet_1":-1,"shoes_2":0,"beard_2":0,"beard_1":0,"lipstick_2":0,"beard_4":0,"glasses_1":0,"bproof_1":0,"mask_1":0,"decals_1":0,"hair_1":0,"eyebrows_2":0,"beard_3":0,"age_1":0,"tshirt_2":0,"skin":0,"torso_2":0,"eyebrows_1":0,"face":0,"shoes_1":10,"pants_1":24}', '{"hair_2":0,"hair_color_2":0,"torso_1":57,"bags_1":0,"helmet_2":0,"chain_2":0,"eyebrows_3":0,"makeup_3":0,"makeup_2":0,"tshirt_1":38,"makeup_1":0,"bags_2":0,"makeup_4":0,"eyebrows_4":0,"chain_1":0,"lipstick_4":0,"bproof_2":0,"hair_color_1":0,"decals_2":0,"pants_2":1,"age_2":0,"glasses_2":0,"ears_2":0,"arms":21,"lipstick_1":0,"ears_1":-1,"mask_2":0,"sex":1,"lipstick_3":0,"helmet_1":-1,"shoes_2":0,"beard_2":0,"beard_1":0,"lipstick_2":0,"beard_4":0,"glasses_1":5,"bproof_1":0,"mask_1":0,"decals_1":1,"hair_1":0,"eyebrows_2":0,"beard_3":0,"age_1":0,"tshirt_2":0,"skin":0,"torso_2":0,"eyebrows_1":0,"face":0,"shoes_1":49,"pants_1":11}'),
	(75, 'unicorn', 3, 'responsible', 'Responsible', 48, '{"hair_2":0,"hair_color_2":0,"torso_1":26,"bags_1":0,"helmet_2":0,"chain_2":0,"eyebrows_3":0,"makeup_3":0,"makeup_2":0,"tshirt_1":57,"makeup_1":0,"bags_2":0,"makeup_4":0,"eyebrows_4":0,"chain_1":0,"lipstick_4":0,"bproof_2":0,"hair_color_1":0,"decals_2":0,"pants_2":4,"age_2":0,"glasses_2":0,"ears_2":0,"arms":11,"lipstick_1":0,"ears_1":-1,"mask_2":0,"sex":0,"lipstick_3":0,"helmet_1":-1,"shoes_2":0,"beard_2":0,"beard_1":0,"lipstick_2":0,"beard_4":0,"glasses_1":0,"bproof_1":0,"mask_1":0,"decals_1":0,"hair_1":0,"eyebrows_2":0,"beard_3":0,"age_1":0,"tshirt_2":0,"skin":0,"torso_2":0,"eyebrows_1":0,"face":0,"shoes_1":10,"pants_1":24}', '{"hair_2":0,"hair_color_2":0,"torso_1":57,"bags_1":0,"helmet_2":0,"chain_2":0,"eyebrows_3":0,"makeup_3":0,"makeup_2":0,"tshirt_1":38,"makeup_1":0,"bags_2":0,"makeup_4":0,"eyebrows_4":0,"chain_1":0,"lipstick_4":0,"bproof_2":0,"hair_color_1":0,"decals_2":0,"pants_2":1,"age_2":0,"glasses_2":0,"ears_2":0,"arms":21,"lipstick_1":0,"ears_1":-1,"mask_2":0,"sex":1,"lipstick_3":0,"helmet_1":-1,"shoes_2":0,"beard_2":0,"beard_1":0,"lipstick_2":0,"beard_4":0,"glasses_1":5,"bproof_1":0,"mask_1":0,"decals_1":1,"hair_1":0,"eyebrows_2":0,"beard_3":0,"age_1":0,"tshirt_2":0,"skin":0,"torso_2":0,"eyebrows_1":0,"face":0,"shoes_1":49,"pants_1":11}'),
	(76, 'unicorn', 4, 'boss', 'Boss', 0, '{"hair_2":0,"hair_color_2":0,"torso_1":29,"bags_1":0,"helmet_2":0,"chain_2":0,"eyebrows_3":0,"makeup_3":0,"makeup_2":0,"tshirt_1":31,"makeup_1":0,"bags_2":0,"makeup_4":0,"eyebrows_4":0,"chain_1":0,"lipstick_4":0,"bproof_2":0,"hair_color_1":0,"decals_2":0,"pants_2":4,"age_2":0,"glasses_2":0,"ears_2":0,"arms":1,"lipstick_1":0,"ears_1":-1,"mask_2":0,"sex":0,"lipstick_3":0,"helmet_1":-1,"shoes_2":0,"beard_2":0,"beard_1":0,"lipstick_2":0,"beard_4":0,"glasses_1":0,"bproof_1":0,"mask_1":0,"decals_1":0,"hair_1":0,"eyebrows_2":0,"beard_3":0,"age_1":0,"tshirt_2":0,"skin":0,"torso_2":4,"eyebrows_1":0,"face":0,"shoes_1":10,"pants_1":24}', '{"hair_2":0,"hair_color_2":0,"torso_1":57,"bags_1":0,"helmet_2":0,"chain_2":0,"eyebrows_3":0,"makeup_3":0,"makeup_2":0,"tshirt_1":38,"makeup_1":0,"bags_2":0,"makeup_4":0,"eyebrows_4":0,"chain_1":0,"lipstick_4":0,"bproof_2":0,"hair_color_1":0,"decals_2":0,"pants_2":1,"age_2":0,"glasses_2":0,"ears_2":0,"arms":21,"lipstick_1":0,"ears_1":-1,"mask_2":0,"sex":1,"lipstick_3":0,"helmet_1":-1,"shoes_2":0,"beard_2":0,"beard_1":0,"lipstick_2":0,"beard_4":0,"glasses_1":5,"bproof_1":0,"mask_1":0,"decals_1":1,"hair_1":0,"eyebrows_2":0,"beard_3":0,"age_1":0,"tshirt_2":0,"skin":0,"torso_2":0,"eyebrows_1":0,"face":0,"shoes_1":49,"pants_1":11}'),
	(77, 'ambulance', 0, 'ambulance', 'Jr. EMT', 20, '{"tshirt_2":0,"hair_color_1":5,"glasses_2":3,"shoes":9,"torso_2":3,"hair_color_2":0,"pants_1":24,"glasses_1":4,"hair_1":2,"sex":0,"decals_2":0,"tshirt_1":15,"helmet_1":8,"helmet_2":0,"arms":92,"face":19,"decals_1":60,"torso_1":13,"hair_2":0,"skin":34,"pants_2":5}', '{"tshirt_2":3,"decals_2":0,"glasses":0,"hair_1":2,"torso_1":73,"shoes":1,"hair_color_2":0,"glasses_1":19,"skin":13,"face":6,"pants_2":5,"tshirt_1":75,"pants_1":37,"helmet_1":57,"torso_2":0,"arms":14,"sex":1,"glasses_2":0,"decals_1":0,"hair_2":0,"helmet_2":0,"hair_color_1":0}'),
	(78, 'ambulance', 1, 'doctor', 'EMT', 40, '{"tshirt_2":0,"hair_color_1":5,"glasses_2":3,"shoes":9,"torso_2":3,"hair_color_2":0,"pants_1":24,"glasses_1":4,"hair_1":2,"sex":0,"decals_2":0,"tshirt_1":15,"helmet_1":8,"helmet_2":0,"arms":92,"face":19,"decals_1":60,"torso_1":13,"hair_2":0,"skin":34,"pants_2":5}', '{"tshirt_2":3,"decals_2":0,"glasses":0,"hair_1":2,"torso_1":73,"shoes":1,"hair_color_2":0,"glasses_1":19,"skin":13,"face":6,"pants_2":5,"tshirt_1":75,"pants_1":37,"helmet_1":57,"torso_2":0,"arms":14,"sex":1,"glasses_2":0,"decals_1":0,"hair_2":0,"helmet_2":0,"hair_color_1":0}'),
	(79, 'ambulance', 2, 'chief_doctor', 'Sr. EMT', 60, '{"tshirt_2":0,"hair_color_1":5,"glasses_2":3,"shoes":9,"torso_2":3,"hair_color_2":0,"pants_1":24,"glasses_1":4,"hair_1":2,"sex":0,"decals_2":0,"tshirt_1":15,"helmet_1":8,"helmet_2":0,"arms":92,"face":19,"decals_1":60,"torso_1":13,"hair_2":0,"skin":34,"pants_2":5}', '{"tshirt_2":3,"decals_2":0,"glasses":0,"hair_1":2,"torso_1":73,"shoes":1,"hair_color_2":0,"glasses_1":19,"skin":13,"face":6,"pants_2":5,"tshirt_1":75,"pants_1":37,"helmet_1":57,"torso_2":0,"arms":14,"sex":1,"glasses_2":0,"decals_1":0,"hair_2":0,"helmet_2":0,"hair_color_1":0}'),
	(80, 'ambulance', 3, 'boss', 'EMT Supervisor', 80, '{"tshirt_2":0,"hair_color_1":5,"glasses_2":3,"shoes":9,"torso_2":3,"hair_color_2":0,"pants_1":24,"glasses_1":4,"hair_1":2,"sex":0,"decals_2":0,"tshirt_1":15,"helmet_1":8,"helmet_2":0,"arms":92,"face":19,"decals_1":60,"torso_1":13,"hair_2":0,"skin":34,"pants_2":5}', '{"tshirt_2":3,"decals_2":0,"glasses":0,"hair_1":2,"torso_1":73,"shoes":1,"hair_color_2":0,"glasses_1":19,"skin":13,"face":6,"pants_2":5,"tshirt_1":75,"pants_1":37,"helmet_1":57,"torso_2":0,"arms":14,"sex":1,"glasses_2":0,"decals_1":0,"hair_2":0,"helmet_2":0,"hair_color_1":0}'),
	(81, 'mechanic', 0, 'recrue', 'Recruit', 12, '{}', '{}'),
	(82, 'mechanic', 1, 'novice', 'Novice', 24, '{}', '{}'),
	(83, 'mechanic', 2, 'experimente', 'Experienced', 36, '{}', '{}'),
	(84, 'mechanic', 3, 'chief', 'Leader', 48, '{}', '{}'),
	(85, 'mechanic', 4, 'boss', 'Boss', 0, '{}', '{}'),
	(86, 'police', 0, 'recruit', 'Recruit', 20, '{}', '{}'),
	(87, 'police', 1, 'officer', 'Officer', 40, '{}', '{}'),
	(88, 'police', 2, 'sergeant', 'Sergeant', 60, '{}', '{}'),
	(89, 'police', 3, 'lieutenant', 'Lieutenant', 85, '{}', '{}'),
	(90, 'police', 4, 'boss', 'Chief', 100, '{}', '{}'),
	(91, 'taxi', 0, 'recrue', 'Recruit', 12, '{"hair_2":0,"hair_color_2":0,"torso_1":32,"bags_1":0,"helmet_2":0,"chain_2":0,"eyebrows_3":0,"makeup_3":0,"makeup_2":0,"tshirt_1":31,"makeup_1":0,"bags_2":0,"makeup_4":0,"eyebrows_4":0,"chain_1":0,"lipstick_4":0,"bproof_2":0,"hair_color_1":0,"decals_2":0,"pants_2":0,"age_2":0,"glasses_2":0,"ears_2":0,"arms":27,"lipstick_1":0,"ears_1":-1,"mask_2":0,"sex":0,"lipstick_3":0,"helmet_1":-1,"shoes_2":0,"beard_2":0,"beard_1":0,"lipstick_2":0,"beard_4":0,"glasses_1":0,"bproof_1":0,"mask_1":0,"decals_1":1,"hair_1":0,"eyebrows_2":0,"beard_3":0,"age_1":0,"tshirt_2":0,"skin":0,"torso_2":0,"eyebrows_1":0,"face":0,"shoes_1":10,"pants_1":24}', '{"hair_2":0,"hair_color_2":0,"torso_1":57,"bags_1":0,"helmet_2":0,"chain_2":0,"eyebrows_3":0,"makeup_3":0,"makeup_2":0,"tshirt_1":38,"makeup_1":0,"bags_2":0,"makeup_4":0,"eyebrows_4":0,"chain_1":0,"lipstick_4":0,"bproof_2":0,"hair_color_1":0,"decals_2":0,"pants_2":1,"age_2":0,"glasses_2":0,"ears_2":0,"arms":21,"lipstick_1":0,"ears_1":-1,"mask_2":0,"sex":1,"lipstick_3":0,"helmet_1":-1,"shoes_2":0,"beard_2":0,"beard_1":0,"lipstick_2":0,"beard_4":0,"glasses_1":5,"bproof_1":0,"mask_1":0,"decals_1":1,"hair_1":0,"eyebrows_2":0,"beard_3":0,"age_1":0,"tshirt_2":0,"skin":0,"torso_2":0,"eyebrows_1":0,"face":0,"shoes_1":49,"pants_1":11}'),
	(92, 'taxi', 1, 'novice', 'Cabby', 24, '{"hair_2":0,"hair_color_2":0,"torso_1":32,"bags_1":0,"helmet_2":0,"chain_2":0,"eyebrows_3":0,"makeup_3":0,"makeup_2":0,"tshirt_1":31,"makeup_1":0,"bags_2":0,"makeup_4":0,"eyebrows_4":0,"chain_1":0,"lipstick_4":0,"bproof_2":0,"hair_color_1":0,"decals_2":0,"pants_2":0,"age_2":0,"glasses_2":0,"ears_2":0,"arms":27,"lipstick_1":0,"ears_1":-1,"mask_2":0,"sex":0,"lipstick_3":0,"helmet_1":-1,"shoes_2":0,"beard_2":0,"beard_1":0,"lipstick_2":0,"beard_4":0,"glasses_1":0,"bproof_1":0,"mask_1":0,"decals_1":1,"hair_1":0,"eyebrows_2":0,"beard_3":0,"age_1":0,"tshirt_2":0,"skin":0,"torso_2":0,"eyebrows_1":0,"face":0,"shoes_1":10,"pants_1":24}', '{"hair_2":0,"hair_color_2":0,"torso_1":57,"bags_1":0,"helmet_2":0,"chain_2":0,"eyebrows_3":0,"makeup_3":0,"makeup_2":0,"tshirt_1":38,"makeup_1":0,"bags_2":0,"makeup_4":0,"eyebrows_4":0,"chain_1":0,"lipstick_4":0,"bproof_2":0,"hair_color_1":0,"decals_2":0,"pants_2":1,"age_2":0,"glasses_2":0,"ears_2":0,"arms":21,"lipstick_1":0,"ears_1":-1,"mask_2":0,"sex":1,"lipstick_3":0,"helmet_1":-1,"shoes_2":0,"beard_2":0,"beard_1":0,"lipstick_2":0,"beard_4":0,"glasses_1":5,"bproof_1":0,"mask_1":0,"decals_1":1,"hair_1":0,"eyebrows_2":0,"beard_3":0,"age_1":0,"tshirt_2":0,"skin":0,"torso_2":0,"eyebrows_1":0,"face":0,"shoes_1":49,"pants_1":11}'),
	(93, 'taxi', 2, 'experimente', 'Experienced', 36, '{"hair_2":0,"hair_color_2":0,"torso_1":26,"bags_1":0,"helmet_2":0,"chain_2":0,"eyebrows_3":0,"makeup_3":0,"makeup_2":0,"tshirt_1":57,"makeup_1":0,"bags_2":0,"makeup_4":0,"eyebrows_4":0,"chain_1":0,"lipstick_4":0,"bproof_2":0,"hair_color_1":0,"decals_2":0,"pants_2":4,"age_2":0,"glasses_2":0,"ears_2":0,"arms":11,"lipstick_1":0,"ears_1":-1,"mask_2":0,"sex":0,"lipstick_3":0,"helmet_1":-1,"shoes_2":0,"beard_2":0,"beard_1":0,"lipstick_2":0,"beard_4":0,"glasses_1":0,"bproof_1":0,"mask_1":0,"decals_1":0,"hair_1":0,"eyebrows_2":0,"beard_3":0,"age_1":0,"tshirt_2":0,"skin":0,"torso_2":0,"eyebrows_1":0,"face":0,"shoes_1":10,"pants_1":24}', '{"hair_2":0,"hair_color_2":0,"torso_1":57,"bags_1":0,"helmet_2":0,"chain_2":0,"eyebrows_3":0,"makeup_3":0,"makeup_2":0,"tshirt_1":38,"makeup_1":0,"bags_2":0,"makeup_4":0,"eyebrows_4":0,"chain_1":0,"lipstick_4":0,"bproof_2":0,"hair_color_1":0,"decals_2":0,"pants_2":1,"age_2":0,"glasses_2":0,"ears_2":0,"arms":21,"lipstick_1":0,"ears_1":-1,"mask_2":0,"sex":1,"lipstick_3":0,"helmet_1":-1,"shoes_2":0,"beard_2":0,"beard_1":0,"lipstick_2":0,"beard_4":0,"glasses_1":5,"bproof_1":0,"mask_1":0,"decals_1":1,"hair_1":0,"eyebrows_2":0,"beard_3":0,"age_1":0,"tshirt_2":0,"skin":0,"torso_2":0,"eyebrows_1":0,"face":0,"shoes_1":49,"pants_1":11}'),
	(94, 'taxi', 3, 'uber', 'Uber Cabby', 48, '{"hair_2":0,"hair_color_2":0,"torso_1":26,"bags_1":0,"helmet_2":0,"chain_2":0,"eyebrows_3":0,"makeup_3":0,"makeup_2":0,"tshirt_1":57,"makeup_1":0,"bags_2":0,"makeup_4":0,"eyebrows_4":0,"chain_1":0,"lipstick_4":0,"bproof_2":0,"hair_color_1":0,"decals_2":0,"pants_2":4,"age_2":0,"glasses_2":0,"ears_2":0,"arms":11,"lipstick_1":0,"ears_1":-1,"mask_2":0,"sex":0,"lipstick_3":0,"helmet_1":-1,"shoes_2":0,"beard_2":0,"beard_1":0,"lipstick_2":0,"beard_4":0,"glasses_1":0,"bproof_1":0,"mask_1":0,"decals_1":0,"hair_1":0,"eyebrows_2":0,"beard_3":0,"age_1":0,"tshirt_2":0,"skin":0,"torso_2":0,"eyebrows_1":0,"face":0,"shoes_1":10,"pants_1":24}', '{"hair_2":0,"hair_color_2":0,"torso_1":57,"bags_1":0,"helmet_2":0,"chain_2":0,"eyebrows_3":0,"makeup_3":0,"makeup_2":0,"tshirt_1":38,"makeup_1":0,"bags_2":0,"makeup_4":0,"eyebrows_4":0,"chain_1":0,"lipstick_4":0,"bproof_2":0,"hair_color_1":0,"decals_2":0,"pants_2":1,"age_2":0,"glasses_2":0,"ears_2":0,"arms":21,"lipstick_1":0,"ears_1":-1,"mask_2":0,"sex":1,"lipstick_3":0,"helmet_1":-1,"shoes_2":0,"beard_2":0,"beard_1":0,"lipstick_2":0,"beard_4":0,"glasses_1":5,"bproof_1":0,"mask_1":0,"decals_1":1,"hair_1":0,"eyebrows_2":0,"beard_3":0,"age_1":0,"tshirt_2":0,"skin":0,"torso_2":0,"eyebrows_1":0,"face":0,"shoes_1":49,"pants_1":11}'),
	(95, 'taxi', 4, 'boss', 'Lead Cabby', 0, '{"hair_2":0,"hair_color_2":0,"torso_1":29,"bags_1":0,"helmet_2":0,"chain_2":0,"eyebrows_3":0,"makeup_3":0,"makeup_2":0,"tshirt_1":31,"makeup_1":0,"bags_2":0,"makeup_4":0,"eyebrows_4":0,"chain_1":0,"lipstick_4":0,"bproof_2":0,"hair_color_1":0,"decals_2":0,"pants_2":4,"age_2":0,"glasses_2":0,"ears_2":0,"arms":1,"lipstick_1":0,"ears_1":-1,"mask_2":0,"sex":0,"lipstick_3":0,"helmet_1":-1,"shoes_2":0,"beard_2":0,"beard_1":0,"lipstick_2":0,"beard_4":0,"glasses_1":0,"bproof_1":0,"mask_1":0,"decals_1":0,"hair_1":0,"eyebrows_2":0,"beard_3":0,"age_1":0,"tshirt_2":0,"skin":0,"torso_2":4,"eyebrows_1":0,"face":0,"shoes_1":10,"pants_1":24}', '{"hair_2":0,"hair_color_2":0,"torso_1":57,"bags_1":0,"helmet_2":0,"chain_2":0,"eyebrows_3":0,"makeup_3":0,"makeup_2":0,"tshirt_1":38,"makeup_1":0,"bags_2":0,"makeup_4":0,"eyebrows_4":0,"chain_1":0,"lipstick_4":0,"bproof_2":0,"hair_color_1":0,"decals_2":0,"pants_2":1,"age_2":0,"glasses_2":0,"ears_2":0,"arms":21,"lipstick_1":0,"ears_1":-1,"mask_2":0,"sex":1,"lipstick_3":0,"helmet_1":-1,"shoes_2":0,"beard_2":0,"beard_1":0,"lipstick_2":0,"beard_4":0,"glasses_1":5,"bproof_1":0,"mask_1":0,"decals_1":1,"hair_1":0,"eyebrows_2":0,"beard_3":0,"age_1":0,"tshirt_2":0,"skin":0,"torso_2":0,"eyebrows_1":0,"face":0,"shoes_1":49,"pants_1":11}'),
	(96, 'cardealer', 0, 'recruit', 'Recruit', 10, '{}', '{}'),
	(97, 'cardealer', 1, 'novice', 'Novice', 25, '{}', '{}'),
	(98, 'cardealer', 2, 'experienced', 'Experienced', 40, '{}', '{}'),
	(99, 'cardealer', 3, 'boss', 'Boss', 0, '{}', '{}');

-- Dump della struttura di tabella es_extended.licenses
CREATE TABLE IF NOT EXISTS `licenses` (
  `type` varchar(60) NOT NULL,
  `label` varchar(60) NOT NULL,
  PRIMARY KEY (`type`)
) ENGINE=InnoDB DEFAULT CHARSET=utf8mb4 COLLATE=utf8mb4_general_ci;

-- Dump dei dati della tabella es_extended.licenses: ~6 rows (circa)
INSERT INTO `licenses` (`type`, `label`) VALUES
	('boat', 'Boat License'),
	('dmv', 'Driving Permit'),
	('drive', 'Drivers License'),
	('drive_bike', 'Motorcycle License'),
	('drive_truck', 'Commercial Drivers License'),
	('weapon', 'Weapon License');

-- Dump della struttura di tabella es_extended.multicharacter_slots
CREATE TABLE IF NOT EXISTS `multicharacter_slots` (
  `identifier` varchar(46) NOT NULL,
  `slots` int(11) NOT NULL,
  PRIMARY KEY (`identifier`) USING BTREE,
  KEY `slots` (`slots`) USING BTREE
) ENGINE=InnoDB DEFAULT CHARSET=utf8mb4 COLLATE=utf8mb4_general_ci;

-- Dump dei dati della tabella es_extended.multicharacter_slots: ~0 rows (circa)

-- Dump della struttura di tabella es_extended.outfits
CREATE TABLE IF NOT EXISTS `outfits` (
  `id` int(11) NOT NULL AUTO_INCREMENT,
  `identifier` varchar(46) DEFAULT NULL,
  `name` longtext DEFAULT NULL,
  `ped` longtext DEFAULT NULL,
  `components` longtext DEFAULT NULL,
  `props` longtext DEFAULT NULL,
  PRIMARY KEY (`id`),
  UNIQUE KEY `id_UNIQUE` (`id`)
) ENGINE=InnoDB AUTO_INCREMENT=3 DEFAULT CHARSET=utf8 COLLATE=utf8_general_ci;

-- Dump dei dati della tabella es_extended.outfits: ~0 rows (circa)

-- Dump della struttura di tabella es_extended.owned_vehicles
CREATE TABLE IF NOT EXISTS `owned_vehicles` (
  `owner` varchar(46) DEFAULT NULL,
  `plate` varchar(12) NOT NULL,
  `vehicle` longtext DEFAULT NULL,
  `type` varchar(20) NOT NULL DEFAULT 'car',
  `job` varchar(20) DEFAULT NULL,
  `stored` tinyint(4) NOT NULL DEFAULT 0,
  `parking` varchar(60) DEFAULT NULL,
  `pound` varchar(60) DEFAULT NULL,
  `glovebox` longtext DEFAULT NULL,
  `trunk` longtext DEFAULT NULL,
  `peopleWithKeys` longtext DEFAULT NULL,
  PRIMARY KEY (`plate`)
) ENGINE=InnoDB DEFAULT CHARSET=utf8mb4 COLLATE=utf8mb4_general_ci;

-- Dump dei dati della tabella es_extended.owned_vehicles: ~0 rows (circa)

-- Dump della struttura di tabella es_extended.ox_inventory
CREATE TABLE IF NOT EXISTS `ox_inventory` (
  `owner` varchar(46) DEFAULT NULL,
  `name` varchar(100) NOT NULL,
  `data` longtext DEFAULT NULL,
  `lastupdated` timestamp NULL DEFAULT current_timestamp() ON UPDATE current_timestamp(),
  UNIQUE KEY `owner` (`owner`,`name`)
) ENGINE=InnoDB DEFAULT CHARSET=utf8mb4 COLLATE=utf8mb4_general_ci;

-- Dump dei dati della tabella es_extended.ox_inventory: ~0 rows (circa)

-- Dump della struttura di tabella es_extended.rented_vehicles
CREATE TABLE IF NOT EXISTS `rented_vehicles` (
  `vehicle` varchar(60) NOT NULL,
  `plate` varchar(12) NOT NULL,
  `player_name` varchar(255) NOT NULL,
  `base_price` int(11) NOT NULL,
  `rent_price` int(11) NOT NULL,
  `owner` varchar(46) DEFAULT NULL,
  PRIMARY KEY (`plate`)
) ENGINE=InnoDB DEFAULT CHARSET=utf8mb4 COLLATE=utf8mb4_general_ci;

-- Dump dei dati della tabella es_extended.rented_vehicles: ~0 rows (circa)

-- Dump della struttura di tabella es_extended.society_moneywash
CREATE TABLE IF NOT EXISTS `society_moneywash` (
  `id` int(11) NOT NULL AUTO_INCREMENT,
  `identifier` varchar(46) DEFAULT NULL,
  `society` varchar(60) NOT NULL,
  `amount` int(11) NOT NULL,
  PRIMARY KEY (`id`)
) ENGINE=InnoDB DEFAULT CHARSET=utf8mb4 COLLATE=utf8mb4_general_ci;

-- Dump dei dati della tabella es_extended.society_moneywash: ~0 rows (circa)

-- Dump della struttura di tabella es_extended.users
CREATE TABLE IF NOT EXISTS `users` (
  `identifier` varchar(46) NOT NULL,
  `accounts` longtext DEFAULT NULL,
  `group` varchar(50) DEFAULT 'user',
  `inventory` longtext DEFAULT NULL,
  `job` varchar(20) DEFAULT 'unemployed',
  `job_grade` int(11) DEFAULT 0,
  `loadout` longtext DEFAULT NULL,
  `crafting_level` int(11) NOT NULL,
  `metadata` longtext DEFAULT NULL,
  `position` longtext DEFAULT NULL,
  `firstname` varchar(16) DEFAULT NULL,
  `lastname` varchar(16) DEFAULT NULL,
  `dateofbirth` varchar(10) DEFAULT NULL,
  `sex` varchar(1) DEFAULT NULL,
  `height` int(11) DEFAULT NULL,
  `skin` longtext DEFAULT NULL,
  `status` longtext DEFAULT NULL,
  `is_dead` tinyint(1) DEFAULT 0,
  `id` int(11) NOT NULL AUTO_INCREMENT,
  `disabled` tinyint(1) DEFAULT 0,
  `last_property` varchar(255) DEFAULT NULL,
  `created_at` timestamp NULL DEFAULT current_timestamp(),
  `last_seen` timestamp NULL DEFAULT NULL ON UPDATE current_timestamp(),
  `phone_number` varchar(20) DEFAULT NULL,
  `pincode` int(11) DEFAULT NULL,
  `jail` int(11) NOT NULL DEFAULT 0,
  PRIMARY KEY (`identifier`),
  UNIQUE KEY `id` (`id`)
) ENGINE=InnoDB AUTO_INCREMENT=16 DEFAULT CHARSET=utf8mb4 COLLATE=utf8mb4_general_ci;

-- Dump dei dati della tabella es_extended.users: ~0 rows (circa)

-- Dump della struttura di tabella es_extended.user_licenses
CREATE TABLE IF NOT EXISTS `user_licenses` (
  `id` int(11) NOT NULL AUTO_INCREMENT,
  `type` varchar(60) NOT NULL,
  `owner` varchar(46) DEFAULT NULL,
  PRIMARY KEY (`id`)
) ENGINE=InnoDB AUTO_INCREMENT=5 DEFAULT CHARSET=utf8mb4 COLLATE=utf8mb4_general_ci;

-- Dump dei dati della tabella es_extended.user_licenses: ~0 rows (circa)

-- Dump della struttura di tabella es_extended.vehicles
CREATE TABLE IF NOT EXISTS `vehicles` (
  `name` varchar(60) NOT NULL,
  `model` varchar(60) NOT NULL,
  `price` int(11) NOT NULL,
  `category` varchar(60) DEFAULT NULL
) ENGINE=InnoDB DEFAULT CHARSET=utf8mb4 COLLATE=utf8mb4_general_ci;

-- Dump dei dati della tabella es_extended.vehicles: ~241 rows (circa)
INSERT INTO `vehicles` (`name`, `model`, `price`, `category`) VALUES
	('Adder', 'adder', 900000, 'super'),
	('Akuma', 'AKUMA', 7500, 'motorcycles'),
	('Alpha', 'alpha', 60000, 'sports'),
	('Ardent', 'ardent', 1150000, 'sportsclassics'),
	('Asea', 'asea', 5500, 'sedans'),
	('Autarch', 'autarch', 1955000, 'super'),
	('Avarus', 'avarus', 18000, 'motorcycles'),
	('Bagger', 'bagger', 13500, 'motorcycles'),
	('Baller', 'baller2', 40000, 'suvs'),
	('Baller Sport', 'baller3', 60000, 'suvs'),
	('Banshee', 'banshee', 70000, 'sports'),
	('Banshee 900R', 'banshee2', 255000, 'super'),
	('Bati 801', 'bati', 12000, 'motorcycles'),
	('Bati 801RR', 'bati2', 19000, 'motorcycles'),
	('Bestia GTS', 'bestiagts', 55000, 'sports'),
	('BF400', 'bf400', 6500, 'motorcycles'),
	('Bf Injection', 'bfinjection', 16000, 'offroad'),
	('Bifta', 'bifta', 12000, 'offroad'),
	('Bison', 'bison', 45000, 'vans'),
	('Blade', 'blade', 15000, 'muscle'),
	('Blazer', 'blazer', 6500, 'offroad'),
	('Blazer Sport', 'blazer4', 8500, 'offroad'),
	('blazer5', 'blazer5', 1755600, 'offroad'),
	('Blista', 'blista', 8000, 'compacts'),
	('BMX (velo)', 'bmx', 160, 'motorcycles'),
	('Bobcat XL', 'bobcatxl', 32000, 'vans'),
	('Brawler', 'brawler', 45000, 'offroad'),
	('Brioso R/A', 'brioso', 18000, 'compacts'),
	('Btype', 'btype', 62000, 'sportsclassics'),
	('Btype Hotroad', 'btype2', 155000, 'sportsclassics'),
	('Btype Luxe', 'btype3', 85000, 'sportsclassics'),
	('Buccaneer', 'buccaneer', 18000, 'muscle'),
	('Buccaneer Rider', 'buccaneer2', 24000, 'muscle'),
	('Buffalo', 'buffalo', 12000, 'sports'),
	('Buffalo S', 'buffalo2', 20000, 'sports'),
	('Bullet', 'bullet', 90000, 'super'),
	('Burrito', 'burrito3', 19000, 'vans'),
	('Camper', 'camper', 42000, 'vans'),
	('Carbonizzare', 'carbonizzare', 75000, 'sports'),
	('Carbon RS', 'carbonrs', 18000, 'motorcycles'),
	('Casco', 'casco', 30000, 'sportsclassics'),
	('Cavalcade', 'cavalcade2', 55000, 'suvs'),
	('Cheetah', 'cheetah', 375000, 'super'),
	('Chimera', 'chimera', 38000, 'motorcycles'),
	('Chino', 'chino', 15000, 'muscle'),
	('Chino Luxe', 'chino2', 19000, 'muscle'),
	('Cliffhanger', 'cliffhanger', 9500, 'motorcycles'),
	('Cognoscenti Cabrio', 'cogcabrio', 55000, 'coupes'),
	('Cognoscenti', 'cognoscenti', 55000, 'sedans'),
	('Comet', 'comet2', 65000, 'sports'),
	('Comet 5', 'comet5', 1145000, 'sports'),
	('Contender', 'contender', 70000, 'suvs'),
	('Coquette', 'coquette', 65000, 'sports'),
	('Coquette Classic', 'coquette2', 40000, 'sportsclassics'),
	('Coquette BlackFin', 'coquette3', 55000, 'muscle'),
	('Cruiser (velo)', 'cruiser', 510, 'motorcycles'),
	('Cyclone', 'cyclone', 1890000, 'super'),
	('Daemon', 'daemon', 11500, 'motorcycles'),
	('Daemon High', 'daemon2', 13500, 'motorcycles'),
	('Defiler', 'defiler', 9800, 'motorcycles'),
	('Deluxo', 'deluxo', 4721500, 'sportsclassics'),
	('Dominator', 'dominator', 35000, 'muscle'),
	('Double T', 'double', 28000, 'motorcycles'),
	('Dubsta', 'dubsta', 45000, 'suvs'),
	('Dubsta Luxuary', 'dubsta2', 60000, 'suvs'),
	('Bubsta 6x6', 'dubsta3', 120000, 'offroad'),
	('Dukes', 'dukes', 28000, 'muscle'),
	('Dune Buggy', 'dune', 8000, 'offroad'),
	('Elegy', 'elegy2', 38500, 'sports'),
	('Emperor', 'emperor', 8500, 'sedans'),
	('Enduro', 'enduro', 5500, 'motorcycles'),
	('Entity XF', 'entityxf', 425000, 'super'),
	('Esskey', 'esskey', 4200, 'motorcycles'),
	('Exemplar', 'exemplar', 32000, 'coupes'),
	('F620', 'f620', 40000, 'coupes'),
	('Faction', 'faction', 20000, 'muscle'),
	('Faction Rider', 'faction2', 30000, 'muscle'),
	('Faction XL', 'faction3', 40000, 'muscle'),
	('Faggio', 'faggio', 1900, 'motorcycles'),
	('Vespa', 'faggio2', 2800, 'motorcycles'),
	('Felon', 'felon', 42000, 'coupes'),
	('Felon GT', 'felon2', 55000, 'coupes'),
	('Feltzer', 'feltzer2', 55000, 'sports'),
	('Stirling GT', 'feltzer3', 65000, 'sportsclassics'),
	('Fixter (velo)', 'fixter', 225, 'motorcycles'),
	('FMJ', 'fmj', 185000, 'super'),
	('Fhantom', 'fq2', 17000, 'suvs'),
	('Fugitive', 'fugitive', 12000, 'sedans'),
	('Furore GT', 'furoregt', 45000, 'sports'),
	('Fusilade', 'fusilade', 40000, 'sports'),
	('Gargoyle', 'gargoyle', 16500, 'motorcycles'),
	('Gauntlet', 'gauntlet', 30000, 'muscle'),
	('Gang Burrito', 'gburrito', 45000, 'vans'),
	('Burrito', 'gburrito2', 29000, 'vans'),
	('Glendale', 'glendale', 6500, 'sedans'),
	('Grabger', 'granger', 50000, 'suvs'),
	('Gresley', 'gresley', 47500, 'suvs'),
	('GT 500', 'gt500', 785000, 'sportsclassics'),
	('Guardian', 'guardian', 45000, 'offroad'),
	('Hakuchou', 'hakuchou', 31000, 'motorcycles'),
	('Hakuchou Sport', 'hakuchou2', 55000, 'motorcycles'),
	('Hermes', 'hermes', 535000, 'muscle'),
	('Hexer', 'hexer', 12000, 'motorcycles'),
	('Hotknife', 'hotknife', 125000, 'muscle'),
	('Huntley S', 'huntley', 40000, 'suvs'),
	('Hustler', 'hustler', 625000, 'muscle'),
	('Infernus', 'infernus', 180000, 'super'),
	('Innovation', 'innovation', 23500, 'motorcycles'),
	('Intruder', 'intruder', 7500, 'sedans'),
	('Issi', 'issi2', 10000, 'compacts'),
	('Jackal', 'jackal', 38000, 'coupes'),
	('Jester', 'jester', 65000, 'sports'),
	('Jester(Racecar)', 'jester2', 135000, 'sports'),
	('Journey', 'journey', 6500, 'vans'),
	('Kamacho', 'kamacho', 345000, 'offroad'),
	('Khamelion', 'khamelion', 38000, 'sports'),
	('Kuruma', 'kuruma', 30000, 'sports'),
	('Landstalker', 'landstalker', 35000, 'suvs'),
	('RE-7B', 'le7b', 325000, 'super'),
	('Lynx', 'lynx', 40000, 'sports'),
	('Mamba', 'mamba', 70000, 'sports'),
	('Manana', 'manana', 12800, 'sportsclassics'),
	('Manchez', 'manchez', 5300, 'motorcycles'),
	('Massacro', 'massacro', 65000, 'sports'),
	('Massacro(Racecar)', 'massacro2', 130000, 'sports'),
	('Mesa', 'mesa', 16000, 'suvs'),
	('Mesa Trail', 'mesa3', 40000, 'suvs'),
	('Minivan', 'minivan', 13000, 'vans'),
	('Monroe', 'monroe', 55000, 'sportsclassics'),
	('The Liberator', 'monster', 210000, 'offroad'),
	('Moonbeam', 'moonbeam', 18000, 'vans'),
	('Moonbeam Rider', 'moonbeam2', 35000, 'vans'),
	('Nemesis', 'nemesis', 5800, 'motorcycles'),
	('Neon', 'neon', 1500000, 'sports'),
	('Nightblade', 'nightblade', 35000, 'motorcycles'),
	('Nightshade', 'nightshade', 65000, 'muscle'),
	('9F', 'ninef', 65000, 'sports'),
	('9F Cabrio', 'ninef2', 80000, 'sports'),
	('Omnis', 'omnis', 35000, 'sports'),
	('Oppressor', 'oppressor', 3524500, 'super'),
	('Oracle XS', 'oracle2', 35000, 'coupes'),
	('Osiris', 'osiris', 160000, 'super'),
	('Panto', 'panto', 10000, 'compacts'),
	('Paradise', 'paradise', 19000, 'vans'),
	('Pariah', 'pariah', 1420000, 'sports'),
	('Patriot', 'patriot', 55000, 'suvs'),
	('PCJ-600', 'pcj', 6200, 'motorcycles'),
	('Penumbra', 'penumbra', 28000, 'sports'),
	('Pfister', 'pfister811', 85000, 'super'),
	('Phoenix', 'phoenix', 12500, 'muscle'),
	('Picador', 'picador', 18000, 'muscle'),
	('Pigalle', 'pigalle', 20000, 'sportsclassics'),
	('Prairie', 'prairie', 12000, 'compacts'),
	('Premier', 'premier', 8000, 'sedans'),
	('Primo Custom', 'primo2', 14000, 'sedans'),
	('X80 Proto', 'prototipo', 2500000, 'super'),
	('Radius', 'radi', 29000, 'suvs'),
	('raiden', 'raiden', 1375000, 'sports'),
	('Rapid GT', 'rapidgt', 35000, 'sports'),
	('Rapid GT Convertible', 'rapidgt2', 45000, 'sports'),
	('Rapid GT3', 'rapidgt3', 885000, 'sportsclassics'),
	('Reaper', 'reaper', 150000, 'super'),
	('Rebel', 'rebel2', 35000, 'offroad'),
	('Regina', 'regina', 5000, 'sedans'),
	('Retinue', 'retinue', 615000, 'sportsclassics'),
	('Revolter', 'revolter', 1610000, 'sports'),
	('riata', 'riata', 380000, 'offroad'),
	('Rocoto', 'rocoto', 45000, 'suvs'),
	('Ruffian', 'ruffian', 6800, 'motorcycles'),
	('Ruiner 2', 'ruiner2', 5745600, 'muscle'),
	('Rumpo', 'rumpo', 15000, 'vans'),
	('Rumpo Trail', 'rumpo3', 19500, 'vans'),
	('Sabre Turbo', 'sabregt', 20000, 'muscle'),
	('Sabre GT', 'sabregt2', 25000, 'muscle'),
	('Sanchez', 'sanchez', 5300, 'motorcycles'),
	('Sanchez Sport', 'sanchez2', 5300, 'motorcycles'),
	('Sanctus', 'sanctus', 25000, 'motorcycles'),
	('Sandking', 'sandking', 55000, 'offroad'),
	('Savestra', 'savestra', 990000, 'sportsclassics'),
	('SC 1', 'sc1', 1603000, 'super'),
	('Schafter', 'schafter2', 25000, 'sedans'),
	('Schafter V12', 'schafter3', 50000, 'sports'),
	('Scorcher (velo)', 'scorcher', 280, 'motorcycles'),
	('Seminole', 'seminole', 25000, 'suvs'),
	('Sentinel', 'sentinel', 32000, 'coupes'),
	('Sentinel XS', 'sentinel2', 40000, 'coupes'),
	('Sentinel3', 'sentinel3', 650000, 'sports'),
	('Seven 70', 'seven70', 39500, 'sports'),
	('ETR1', 'sheava', 220000, 'super'),
	('Shotaro Concept', 'shotaro', 320000, 'motorcycles'),
	('Slam Van', 'slamvan3', 11500, 'muscle'),
	('Sovereign', 'sovereign', 22000, 'motorcycles'),
	('Stinger', 'stinger', 80000, 'sportsclassics'),
	('Stinger GT', 'stingergt', 75000, 'sportsclassics'),
	('Streiter', 'streiter', 500000, 'sports'),
	('Stretch', 'stretch', 90000, 'sedans'),
	('Stromberg', 'stromberg', 3185350, 'sports'),
	('Sultan', 'sultan', 15000, 'sports'),
	('Sultan RS', 'sultanrs', 65000, 'super'),
	('Super Diamond', 'superd', 130000, 'sedans'),
	('Surano', 'surano', 50000, 'sports'),
	('Surfer', 'surfer', 12000, 'vans'),
	('T20', 't20', 300000, 'super'),
	('Tailgater', 'tailgater', 30000, 'sedans'),
	('Tampa', 'tampa', 16000, 'muscle'),
	('Drift Tampa', 'tampa2', 80000, 'sports'),
	('Thrust', 'thrust', 24000, 'motorcycles'),
	('Tri bike (velo)', 'tribike3', 520, 'motorcycles'),
	('Trophy Truck', 'trophytruck', 60000, 'offroad'),
	('Trophy Truck Limited', 'trophytruck2', 80000, 'offroad'),
	('Tropos', 'tropos', 40000, 'sports'),
	('Turismo R', 'turismor', 350000, 'super'),
	('Tyrus', 'tyrus', 600000, 'super'),
	('Vacca', 'vacca', 120000, 'super'),
	('Vader', 'vader', 7200, 'motorcycles'),
	('Verlierer', 'verlierer2', 70000, 'sports'),
	('Vigero', 'vigero', 12500, 'muscle'),
	('Virgo', 'virgo', 14000, 'muscle'),
	('Viseris', 'viseris', 875000, 'sportsclassics'),
	('Visione', 'visione', 2250000, 'super'),
	('Voltic', 'voltic', 90000, 'super'),
	('Voltic 2', 'voltic2', 3830400, 'super'),
	('Voodoo', 'voodoo', 7200, 'muscle'),
	('Vortex', 'vortex', 9800, 'motorcycles'),
	('Warrener', 'warrener', 4000, 'sedans'),
	('Washington', 'washington', 9000, 'sedans'),
	('Windsor', 'windsor', 95000, 'coupes'),
	('Windsor Drop', 'windsor2', 125000, 'coupes'),
	('Woflsbane', 'wolfsbane', 9000, 'motorcycles'),
	('XLS', 'xls', 32000, 'suvs'),
	('Yosemite', 'yosemite', 485000, 'muscle'),
	('Youga', 'youga', 10800, 'vans'),
	('Youga Luxuary', 'youga2', 14500, 'vans'),
	('Z190', 'z190', 900000, 'sportsclassics'),
	('Zentorno', 'zentorno', 1500000, 'super'),
	('Zion', 'zion', 36000, 'coupes'),
	('Zion Cabrio', 'zion2', 45000, 'coupes'),
	('Zombie', 'zombiea', 9500, 'motorcycles'),
	('Zombie Luxuary', 'zombieb', 12000, 'motorcycles'),
	('Z-Type', 'ztype', 220000, 'sportsclassics'),
	('Porsche 911 R', 'p911r', 190000, 'sports');

-- Dump della struttura di tabella es_extended.vehicle_categories
CREATE TABLE IF NOT EXISTS `vehicle_categories` (
  `name` varchar(60) NOT NULL,
  `label` varchar(60) NOT NULL,
  PRIMARY KEY (`name`)
) ENGINE=InnoDB DEFAULT CHARSET=utf8mb4 COLLATE=utf8mb4_general_ci;

-- Dump dei dati della tabella es_extended.vehicle_categories: ~11 rows (circa)
INSERT INTO `vehicle_categories` (`name`, `label`) VALUES
	('compacts', 'Compacts'),
	('coupes', 'Coups'),
	('motorcycles', 'Motos'),
	('muscle', 'Muscle'),
	('offroad', 'Off Road'),
	('sedans', 'Sedans'),
	('sports', 'Sports'),
	('sportsclassics', 'Sports Classics'),
	('super', 'Super'),
	('suvs', 'SUVs'),
	('vans', 'Vans');

-- Dump della struttura di tabella es_extended.vehicle_sold
CREATE TABLE IF NOT EXISTS `vehicle_sold` (
  `id` int(11) NOT NULL AUTO_INCREMENT,
  `client` varchar(50) NOT NULL,
  `model` varchar(50) NOT NULL,
  `plate` varchar(50) NOT NULL,
  `soldby` varchar(50) NOT NULL,
  `date` varchar(50) NOT NULL,
  PRIMARY KEY (`id`)
) ENGINE=InnoDB DEFAULT CHARSET=utf8mb4 COLLATE=utf8mb4_general_ci;

-- Dump dei dati della tabella es_extended.vehicle_sold: ~0 rows (circa)

-- Dump della struttura di tabella es_extended.whitelist
CREATE TABLE IF NOT EXISTS `whitelist` (
  `identifier` varchar(46) NOT NULL,
  PRIMARY KEY (`identifier`)
) ENGINE=InnoDB DEFAULT CHARSET=utf8 COLLATE=utf8_general_ci;

-- Dump dei dati della tabella es_extended.whitelist: ~0 rows (circa)

-- Dump della struttura di tabella es_extended.zp_ads
CREATE TABLE IF NOT EXISTS `zp_ads` (
  `id` int(11) NOT NULL AUTO_INCREMENT,
  `media` varchar(255) NOT NULL,
  `content` text NOT NULL,
  `created_at` timestamp NOT NULL DEFAULT current_timestamp(),
  `citizenid` varchar(100) NOT NULL,
  PRIMARY KEY (`id`) USING BTREE
) ENGINE=InnoDB DEFAULT CHARSET=utf8mb4 COLLATE=utf8mb4_general_ci ROW_FORMAT=DYNAMIC;

-- Dump dei dati della tabella es_extended.zp_ads: ~0 rows (circa)

-- Dump della struttura di tabella es_extended.zp_calls_histories
CREATE TABLE IF NOT EXISTS `zp_calls_histories` (
  `id` int(11) NOT NULL AUTO_INCREMENT,
  `citizenid` varchar(100) NOT NULL,
  `to_citizenid` varchar(50) NOT NULL,
  `created_at` datetime NOT NULL DEFAULT current_timestamp(),
  `flag` varchar(10) NOT NULL DEFAULT 'IN',
  `is_anonim` tinyint(1) NOT NULL DEFAULT 0,
  PRIMARY KEY (`id`) USING BTREE,
  KEY `citizenid` (`citizenid`) USING BTREE
) ENGINE=InnoDB DEFAULT CHARSET=utf8mb4 COLLATE=utf8mb4_general_ci ROW_FORMAT=DYNAMIC;

-- Dump dei dati della tabella es_extended.zp_calls_histories: ~0 rows (circa)

-- Dump della struttura di tabella es_extended.zp_contacts
CREATE TABLE IF NOT EXISTS `zp_contacts` (
  `id` int(11) NOT NULL AUTO_INCREMENT,
  `citizenid` varchar(100) NOT NULL,
  `contact_citizenid` varchar(100) NOT NULL,
  `contact_name` varchar(100) NOT NULL,
  `created_at` timestamp NOT NULL DEFAULT current_timestamp(),
  PRIMARY KEY (`id`) USING BTREE,
  UNIQUE KEY `unique_contact` (`citizenid`,`contact_citizenid`) USING BTREE,
  KEY `contact_citizenid` (`contact_citizenid`) USING BTREE,
  KEY `citizenid_contact_citizenid` (`citizenid`,`contact_citizenid`) USING BTREE
) ENGINE=InnoDB DEFAULT CHARSET=utf8mb4 COLLATE=utf8mb4_general_ci ROW_FORMAT=DYNAMIC;

-- Dump dei dati della tabella es_extended.zp_contacts: ~0 rows (circa)

-- Dump della struttura di tabella es_extended.zp_contacts_requests
CREATE TABLE IF NOT EXISTS `zp_contacts_requests` (
  `id` int(11) NOT NULL AUTO_INCREMENT,
  `citizenid` varchar(100) NOT NULL,
  `from_citizenid` varchar(50) NOT NULL,
  `created_at` datetime NOT NULL DEFAULT current_timestamp(),
  PRIMARY KEY (`id`) USING BTREE,
  KEY `citizenid` (`citizenid`) USING BTREE
) ENGINE=InnoDB DEFAULT CHARSET=utf8mb4 COLLATE=utf8mb4_general_ci ROW_FORMAT=DYNAMIC;

-- Dump dei dati della tabella es_extended.zp_contacts_requests: ~0 rows (circa)

-- Dump della struttura di tabella es_extended.zp_conversations
CREATE TABLE IF NOT EXISTS `zp_conversations` (
  `id` int(11) NOT NULL AUTO_INCREMENT,
  `name` varchar(100) DEFAULT NULL,
  `is_group` tinyint(1) NOT NULL,
  `created_at` timestamp NOT NULL DEFAULT current_timestamp(),
  `updated_at` timestamp NOT NULL DEFAULT current_timestamp() ON UPDATE current_timestamp(),
  `admin_citizenid` varchar(50) DEFAULT NULL,
  PRIMARY KEY (`id`) USING BTREE
) ENGINE=InnoDB DEFAULT CHARSET=utf8mb4 COLLATE=utf8mb4_general_ci ROW_FORMAT=DYNAMIC;

-- Dump dei dati della tabella es_extended.zp_conversations: ~0 rows (circa)

-- Dump della struttura di tabella es_extended.zp_conversation_messages
CREATE TABLE IF NOT EXISTS `zp_conversation_messages` (
  `id` int(11) NOT NULL AUTO_INCREMENT,
  `conversationid` int(11) NOT NULL,
  `sender_citizenid` varchar(100) NOT NULL,
  `content` text NOT NULL,
  `media` text DEFAULT NULL,
  `created_at` timestamp NOT NULL DEFAULT current_timestamp(),
  `is_deleted` tinyint(1) NOT NULL DEFAULT 0,
  PRIMARY KEY (`id`) USING BTREE,
  KEY `idx_conversationid` (`conversationid`) USING BTREE,
  KEY `idx_sender_citizenid` (`sender_citizenid`) USING BTREE
) ENGINE=InnoDB DEFAULT CHARSET=utf8mb4 COLLATE=utf8mb4_general_ci ROW_FORMAT=DYNAMIC;

-- Dump dei dati della tabella es_extended.zp_conversation_messages: ~0 rows (circa)

-- Dump della struttura di tabella es_extended.zp_conversation_participants
CREATE TABLE IF NOT EXISTS `zp_conversation_participants` (
  `conversationid` int(11) NOT NULL,
  `citizenid` varchar(100) NOT NULL,
  `join_at` timestamp NOT NULL DEFAULT current_timestamp(),
  PRIMARY KEY (`conversationid`,`citizenid`) USING BTREE,
  KEY `citizenid` (`citizenid`) USING BTREE,
  KEY `idx_conversationid_citizenid` (`conversationid`,`citizenid`) USING BTREE
) ENGINE=InnoDB DEFAULT CHARSET=utf8mb4 COLLATE=utf8mb4_general_ci ROW_FORMAT=DYNAMIC;

-- Dump dei dati della tabella es_extended.zp_conversation_participants: ~0 rows (circa)

-- Dump della struttura di tabella es_extended.zp_emails
CREATE TABLE IF NOT EXISTS `zp_emails` (
  `id` int(11) NOT NULL AUTO_INCREMENT,
  `institution` varchar(255) NOT NULL,
  `citizenid` varchar(100) NOT NULL,
  `subject` varchar(255) NOT NULL,
  `content` text DEFAULT NULL,
  `is_read` tinyint(1) NOT NULL DEFAULT 0,
  `created_at` timestamp NOT NULL DEFAULT current_timestamp(),
  PRIMARY KEY (`id`) USING BTREE,
  KEY `citizenid` (`citizenid`) USING BTREE
) ENGINE=InnoDB AUTO_INCREMENT=2 DEFAULT CHARSET=utf8mb4 COLLATE=utf8mb4_general_ci ROW_FORMAT=DYNAMIC;

-- Dump dei dati della tabella es_extended.zp_emails: ~0 rows (circa)

-- Dump della struttura di tabella es_extended.zp_inetmax_histories
CREATE TABLE IF NOT EXISTS `zp_inetmax_histories` (
  `id` int(11) NOT NULL AUTO_INCREMENT,
  `citizenid` varchar(100) NOT NULL,
  `flag` varchar(10) NOT NULL,
  `label` varchar(100) NOT NULL,
  `total` int(11) NOT NULL,
  `created_at` datetime NOT NULL DEFAULT current_timestamp(),
  PRIMARY KEY (`id`) USING BTREE,
  KEY `citizenid` (`citizenid`) USING BTREE,
  KEY `citizenid_flag` (`citizenid`,`flag`) USING BTREE
) ENGINE=InnoDB AUTO_INCREMENT=2 DEFAULT CHARSET=utf8mb4 COLLATE=utf8mb4_general_ci ROW_FORMAT=DYNAMIC;

-- Dump dei dati della tabella es_extended.zp_inetmax_histories: ~0 rows (circa)

-- Dump della struttura di tabella es_extended.zp_loops_users
CREATE TABLE IF NOT EXISTS `zp_loops_users` (
  `id` int(11) NOT NULL AUTO_INCREMENT,
  `citizenid` varchar(100) NOT NULL,
  `username` varchar(50) NOT NULL,
  `avatar` varchar(255) NOT NULL DEFAULT 'https://i.ibb.co.com/F3w0F5L/default-avatar-1.png',
  `password` varchar(255) NOT NULL,
  `fullname` varchar(100) NOT NULL,
  `phone_number` varchar(20) NOT NULL,
  `cover` varchar(255) NOT NULL DEFAULT 'https://d25yuvogekh0nj.cloudfront.net/2019/08/Twitter-Banner-Size-Guide-blog-banner-1250x500.png',
  `bio` varchar(255) NOT NULL DEFAULT 'Welcome to loopsverse!',
  `is_verified` tinyint(4) NOT NULL DEFAULT 0,
  `is_allow_message` tinyint(4) NOT NULL DEFAULT 0,
  `join_at` datetime NOT NULL DEFAULT current_timestamp(),
  PRIMARY KEY (`id`) USING BTREE,
  UNIQUE KEY `unique_username` (`username`) USING BTREE,
  KEY `citizenid` (`citizenid`) USING BTREE
) ENGINE=InnoDB DEFAULT CHARSET=utf8mb4 COLLATE=utf8mb4_general_ci ROW_FORMAT=DYNAMIC;

-- Dump dei dati della tabella es_extended.zp_loops_users: ~0 rows (circa)

-- Dump della struttura di tabella es_extended.zp_news
CREATE TABLE IF NOT EXISTS `zp_news` (
  `id` int(11) NOT NULL AUTO_INCREMENT,
  `citizenid` varchar(100) NOT NULL,
  `reporter` varchar(255) NOT NULL,
  `company` varchar(255) NOT NULL,
  `image` varchar(255) NOT NULL,
  `title` varchar(255) NOT NULL,
  `body` text NOT NULL,
  `stream` varchar(255) DEFAULT NULL,
  `is_stream` tinyint(1) NOT NULL,
  `created_at` timestamp NOT NULL DEFAULT current_timestamp(),
  PRIMARY KEY (`id`) USING BTREE,
  KEY `is_stream` (`is_stream`) USING BTREE
) ENGINE=InnoDB DEFAULT CHARSET=utf8mb4 COLLATE=utf8mb4_general_ci ROW_FORMAT=DYNAMIC;

-- Dump dei dati della tabella es_extended.zp_news: ~0 rows (circa)

-- Dump della struttura di tabella es_extended.zp_photos
CREATE TABLE IF NOT EXISTS `zp_photos` (
  `id` int(11) NOT NULL AUTO_INCREMENT,
  `citizenid` varchar(100) DEFAULT NULL,
  `location` varchar(255) NOT NULL,
  `media` varchar(255) NOT NULL,
  `created_at` timestamp NOT NULL DEFAULT current_timestamp(),
  PRIMARY KEY (`id`) USING BTREE,
  KEY `citizenid` (`citizenid`) USING BTREE
) ENGINE=InnoDB DEFAULT CHARSET=utf8mb4 COLLATE=utf8mb4_general_ci ROW_FORMAT=DYNAMIC;

-- Dump dei dati della tabella es_extended.zp_photos: ~0 rows (circa)

-- Dump della struttura di tabella es_extended.zp_service_messages
CREATE TABLE IF NOT EXISTS `zp_service_messages` (
  `id` int(11) NOT NULL AUTO_INCREMENT,
  `citizenid` varchar(100) NOT NULL,
  `solved_by_citizenid` varchar(50) DEFAULT NULL,
  `service` varchar(255) NOT NULL,
  `message` text NOT NULL,
  `created_at` datetime NOT NULL DEFAULT current_timestamp(),
  `solved_reason` text NOT NULL,
  PRIMARY KEY (`id`) USING BTREE,
  KEY `service` (`service`) USING BTREE,
  KEY `service_solved_by_citizenid` (`solved_by_citizenid`,`service`) USING BTREE
) ENGINE=InnoDB DEFAULT CHARSET=utf8mb4 COLLATE=utf8mb4_general_ci ROW_FORMAT=DYNAMIC;

-- Dump dei dati della tabella es_extended.zp_service_messages: ~0 rows (circa)

-- Dump della struttura di tabella es_extended.zp_tweets
CREATE TABLE IF NOT EXISTS `zp_tweets` (
  `id` int(11) NOT NULL AUTO_INCREMENT,
  `loops_userid` int(11) NOT NULL,
  `tweet` text NOT NULL,
  `media` text NOT NULL,
  `created_at` timestamp NOT NULL DEFAULT current_timestamp(),
  PRIMARY KEY (`id`) USING BTREE
) ENGINE=InnoDB DEFAULT CHARSET=utf8mb4 COLLATE=utf8mb4_general_ci ROW_FORMAT=DYNAMIC;

-- Dump dei dati della tabella es_extended.zp_tweets: ~0 rows (circa)

-- Dump della struttura di tabella es_extended.zp_tweet_comments
CREATE TABLE IF NOT EXISTS `zp_tweet_comments` (
  `id` int(11) NOT NULL AUTO_INCREMENT,
  `tweetid` int(11) NOT NULL,
  `comment` text NOT NULL,
  `loops_userid` int(11) NOT NULL,
  `created_at` timestamp NOT NULL DEFAULT current_timestamp(),
  PRIMARY KEY (`id`) USING BTREE
) ENGINE=InnoDB DEFAULT CHARSET=utf8mb4 COLLATE=utf8mb4_general_ci ROW_FORMAT=DYNAMIC;

-- Dump dei dati della tabella es_extended.zp_tweet_comments: ~0 rows (circa)

-- Dump della struttura di tabella es_extended.zp_users
CREATE TABLE IF NOT EXISTS `zp_users` (
  `name` varchar(100) NOT NULL,
  `citizenid` varchar(100) NOT NULL,
  `phone_number` varchar(20) NOT NULL,
  `created_at` timestamp NOT NULL DEFAULT current_timestamp(),
  `last_seen` timestamp NOT NULL DEFAULT current_timestamp(),
  `avatar` varchar(255) NOT NULL DEFAULT 'https://i.ibb.co.com/F3w0F5L/default-avatar-1.png',
  `unread_message_service` int(11) NOT NULL DEFAULT 0,
  `unread_message` int(11) NOT NULL DEFAULT 0,
  `wallpaper` varchar(255) NOT NULL DEFAULT 'https://i.ibb.co.com/pftZvpY/peakpx-1.jpg',
  `is_anonim` tinyint(1) unsigned NOT NULL DEFAULT 0,
  `is_donot_disturb` tinyint(1) NOT NULL DEFAULT 0,
  `frame` varchar(50) NOT NULL DEFAULT '1.svg',
  `iban` varchar(20) NOT NULL,
  `active_loops_userid` int(11) NOT NULL DEFAULT 0,
  `inetmax_balance` int(11) NOT NULL DEFAULT 5000000,
  `phone_height` float NOT NULL DEFAULT 610,
  PRIMARY KEY (`citizenid`) USING BTREE,
  KEY `citizenid` (`citizenid`) USING BTREE,
  KEY `phone_number` (`phone_number`) USING BTREE,
  KEY `active_loops_userid` (`active_loops_userid`) USING BTREE,
  KEY `iban` (`iban`) USING BTREE
) ENGINE=InnoDB DEFAULT CHARSET=utf8mb4 COLLATE=utf8mb4_general_ci ROW_FORMAT=DYNAMIC;

-- Dump dei dati della tabella es_extended.zp_users: ~0 rows (circa)

/*!40103 SET TIME_ZONE=IFNULL(@OLD_TIME_ZONE, 'system') */;
/*!40101 SET SQL_MODE=IFNULL(@OLD_SQL_MODE, '') */;
/*!40014 SET FOREIGN_KEY_CHECKS=IFNULL(@OLD_FOREIGN_KEY_CHECKS, 1) */;
/*!40101 SET CHARACTER_SET_CLIENT=@OLD_CHARACTER_SET_CLIENT */;
/*!40111 SET SQL_NOTES=IFNULL(@OLD_SQL_NOTES, 1) */;
